,region,age21,age31,age41,age51,age61
0,Piriyapatna,33.0,56.0,42.0,14.0,2018.0
1,Kalghatgi,29.0,42.0,29.0,6.0,2021.0
2,Hubli,16.0,48.0,16.0,13.0,2017.0
3,Dharwad,26.0,39.0,26.0,1.0,2015.0
4,Sagara,72.0,48.0,72.0,6.0,2015.0
5,Puttur,37.0,37.0,37.0,3.0,2017.0
6,Hubli,16.0,48.0,16.0,13.0,2017.0
7,Nanjangud,15.0,48.0,15.0,8.0,2016.0
8,Tarikere,68.0,165.0,68.0,21.0,2021.0
10,Tarikere,33.0,56.0,42.0,14.0,2015.0
11,Tarikere,37.0,37.0,37.0,3.0,2020.0
12,Bhadravathi,94.0,166.0,165.0,12.0,2015.0
13,Mysore,68.0,165.0,68.0,21.0,2015.0
14,Mudigere,26.0,39.0,26.0,1.0,2017.0
15,Piriyapatna,49.0,28.0,49.0,7.0,2015.0
16,Sagara,16.0,48.0,16.0,13.0,2019.0
17,Puttur,47.0,33.0,47.0,11.0,2020.0
18,Hospet,26.0,39.0,26.0,1.0,2020.0
20,Mudigere,26.0,39.0,26.0,1.0,2020.0
21,Mudigere,72.0,48.0,72.0,6.0,2014.0
22,Birur,47.0,33.0,47.0,11.0,2019.0
23,Hubli,32.0,33.0,40.0,56.0,2022.0
24,Kundgol,25.0,48.0,37.0,36.0,2019.0
25,Theerthalli,69.0,37.0,69.0,8.0,2013.0
26,Kudligi,37.0,37.0,37.0,3.0,2019.0
27,Siruguppa,29.0,42.0,29.0,6.0,2016.0
28,Mangalore,47.0,33.0,47.0,11.0,2018.0
29,Hospet,29.0,42.0,29.0,6.0,2019.0
30,Sorba,69.0,37.0,69.0,8.0,2019.0
32,Navalgund,72.0,48.0,72.0,6.0,2018.0
33,Koppa,26.0,39.0,26.0,1.0,2019.0
34,Beltangdi,32.0,57.0,57.0,9.0,2018.0
35,chikkmagalur,37.0,37.0,37.0,3.0,2013.0
36,Dharwad,29.0,42.0,29.0,6.0,2014.0
37,chikkmagalur,78.0,189.0,175.0,21.0,2018.0
38,Mysore,38.0,67.0,38.0,3.0,2020.0
39,Nanjangud,16.0,48.0,16.0,13.0,2015.0
40,Hubli,47.0,33.0,47.0,11.0,2015.0
41,Narsipur,94.0,166.0,165.0,12.0,2020.0
42,Sandur,47.0,33.0,47.0,11.0,2019.0
43,Nanjangud,15.0,48.0,15.0,8.0,2014.0
44,Nanjangud,36.0,53.0,39.0,24.0,2019.0
45,Kalghatgi,26.0,39.0,26.0,1.0,2015.0
46,Shimoga,47.0,33.0,47.0,11.0,2013.0
47,K R Nagar,69.0,37.0,69.0,8.0,2019.0
49,Mudigere,26.0,39.0,26.0,1.0,2017.0
50,Sagara,68.0,165.0,68.0,21.0,2017.0
51,Siruguppa,26.0,39.0,26.0,1.0,2018.0
52,Kudligi,72.0,48.0,72.0,6.0,2013.0
53,Dharwad,29.0,42.0,29.0,6.0,2014.0
54,Mangalore,72.0,36.0,56.0,16.0,2019.0
55,Narsipur,72.0,36.0,56.0,16.0,2012.0
56,chikkmagalur,68.0,165.0,68.0,21.0,2014.0
57,Navalgund,33.0,56.0,42.0,14.0,2019.0
58,Kudligi,26.0,39.0,26.0,1.0,2012.0
59,chikkmagalur,64.0,175.0,166.0,43.0,2015.0
60,Kadur,16.0,48.0,16.0,13.0,2014.0
61,Narsipur,36.0,35.0,65.0,7.0,2018.0
63,Hunsur,54.0,98.0,48.0,18.0,2012.0
64,Narsipur,69.0,37.0,69.0,8.0,2015.0
65,Siruguppa,72.0,48.0,72.0,6.0,2015.0
67,Hunsur,16.0,48.0,16.0,13.0,2019.0
69,Puttur,36.0,35.0,65.0,7.0,2021.0
70,Hospet,94.0,166.0,165.0,12.0,2016.0
71,Siruguppa,26.0,39.0,26.0,1.0,2019.0
72,Shivamogga,33.0,34.0,48.0,28.0,2022.0
73,Sorba,32.0,57.0,57.0,9.0,2021.0
74,Mudigere,37.0,37.0,37.0,3.0,2013.0
76,Piriyapatna,36.0,65.0,33.0,5.0,2013.0
77,chikkmagalur,68.0,165.0,68.0,21.0,2014.0
79,Tarikere,68.0,165.0,68.0,21.0,2021.0
80,Sorba,38.0,67.0,38.0,3.0,2015.0
82,Sagara,37.0,37.0,37.0,3.0,2016.0
83,Mysore,94.0,166.0,165.0,12.0,2016.0
84,chikkmagalur,37.0,37.0,37.0,3.0,2019.0
85,Bellary,26.0,39.0,26.0,1.0,2018.0
86,Sagara,15.0,48.0,15.0,8.0,2020.0
87,Mudigere,72.0,48.0,72.0,6.0,2014.0
89,Hubli,69.0,37.0,69.0,8.0,2012.0
90,Bhadravathi,94.0,166.0,165.0,12.0,2015.0
91,Puttur,16.0,48.0,16.0,13.0,2015.0
92,Mangalore,15.0,48.0,15.0,8.0,2017.0
93,Theerthalli,69.0,37.0,69.0,8.0,2013.0
94,Kundgol,49.0,28.0,49.0,7.0,2013.0
95,Narsipur,29.0,42.0,29.0,6.0,2014.0
96,Bhadravathi,37.0,37.0,37.0,3.0,2012.0
97,Narsipur,94.0,166.0,165.0,12.0,2020.0
98,Koppa,36.0,53.0,39.0,24.0,2015.0
99,Kadur,26.0,39.0,26.0,1.0,2019.0
100,Navalgund,29.0,42.0,29.0,6.0,2016.0
101,Mudigere,94.0,166.0,165.0,12.0,2012.0
102,Tarikere,37.0,37.0,37.0,3.0,2020.0
103,Piriyapatna,72.0,48.0,72.0,6.0,2019.0
104,Mysore,26.0,39.0,26.0,1.0,2021.0
105,Narsipur,72.0,36.0,56.0,16.0,2012.0
107,Theerthalli,69.0,37.0,69.0,8.0,2017.0
109,Mangalore,15.0,48.0,15.0,8.0,2017.0
110,Bellary,49.0,28.0,49.0,7.0,2017.0
112,Bellary,49.0,28.0,49.0,7.0,2017.0
113,Nanjangud,54.0,57.0,48.0,22.0,2013.0
114,Bellary,69.0,37.0,69.0,8.0,2021.0
115,Mudigere,94.0,166.0,165.0,12.0,2018.0
116,Tarikere,49.0,28.0,49.0,7.0,2012.0
117,Sagara,15.0,48.0,15.0,8.0,2020.0
118,Siruguppa,47.0,33.0,47.0,11.0,2012.0
119,Puttur,64.0,175.0,166.0,43.0,2012.0
120,Bellary,37.0,37.0,37.0,3.0,2020.0
121,Siruguppa,36.0,35.0,65.0,7.0,2021.0
122,Beltangdi,37.0,37.0,37.0,3.0,2020.0
123,Hubli,32.0,33.0,40.0,56.0,2023.0
124,Kadur,32.0,57.0,57.0,9.0,2018.0
125,Piriyapatna,72.0,48.0,72.0,6.0,2019.0
126,Theerthalli,33.0,56.0,42.0,14.0,2014.0
127,chikkmagalur,15.0,48.0,15.0,8.0,2017.0
128,Sorba,32.0,57.0,57.0,9.0,2021.0
129,Shikaripura,15.0,48.0,15.0,8.0,2015.0
130,Shikaripura,36.0,53.0,39.0,24.0,2018.0
131,Siruguppa,36.0,35.0,65.0,7.0,2021.0
133,Mangalore,47.0,33.0,47.0,11.0,2018.0
134,K R Nagar,38.0,67.0,38.0,3.0,2015.0
135,Navalgund,33.0,56.0,42.0,14.0,2019.0
136,Hubli,69.0,37.0,69.0,8.0,2012.0
137,Bantval,94.0,166.0,165.0,12.0,2019.0
139,Mudigere,94.0,166.0,165.0,12.0,2018.0
141,Kadur,16.0,48.0,16.0,13.0,2014.0
142,Tarikere,33.0,56.0,42.0,14.0,2015.0
144,Bantval,26.0,39.0,26.0,1.0,2020.0
145,Kundgol,49.0,28.0,49.0,7.0,2013.0
146,Theerthalli,69.0,37.0,69.0,8.0,2013.0
147,Bellary,36.0,65.0,33.0,5.0,2015.0
148,Kundgol,15.0,48.0,15.0,8.0,2021.0
149,Piriyapatna,36.0,35.0,65.0,7.0,2021.0
150,Beltangdi,29.0,42.0,29.0,6.0,2021.0
151,Hunsur,15.0,48.0,15.0,8.0,2020.0
152,Tarikere,49.0,28.0,49.0,7.0,2012.0
153,K R Nagar,26.0,39.0,26.0,1.0,2014.0
154,Tarikere,72.0,48.0,72.0,6.0,2016.0
155,Kadur,69.0,37.0,69.0,8.0,2016.0
156,Piriyapatna,37.0,37.0,37.0,3.0,2020.0
157,K R Nagar,36.0,53.0,39.0,24.0,2013.0
158,Kudligi,69.0,37.0,69.0,8.0,2015.0
160,Bantval,36.0,35.0,65.0,7.0,2012.0
161,Birur,37.0,37.0,37.0,3.0,2020.0
162,Kudligi,98.0,56.0,53.0,3.0,2021.0
163,Hospet,26.0,39.0,26.0,1.0,2012.0
164,Hubli,15.0,48.0,15.0,8.0,2013.0
165,Hunsur,25.0,48.0,37.0,36.0,2013.0
166,Shikaripura,98.0,56.0,53.0,3.0,2021.0
169,Koppa,69.0,37.0,69.0,8.0,2021.0
170,Bellary,36.0,65.0,33.0,5.0,2015.0
171,Dharwad,54.0,57.0,48.0,22.0,2012.0
172,Koppa,15.0,48.0,15.0,8.0,2018.0
173,Kalghatgi,16.0,48.0,16.0,13.0,2019.0
174,Puttur,37.0,37.0,37.0,3.0,2017.0
175,Mudigere,26.0,39.0,26.0,1.0,2020.0
176,Bantval,26.0,39.0,26.0,1.0,2020.0
177,Sagara,68.0,165.0,68.0,21.0,2013.0
179,Mangalore,26.0,39.0,26.0,1.0,2021.0
180,Sagara,64.0,175.0,166.0,43.0,2018.0
181,K R Nagar,26.0,39.0,26.0,1.0,2014.0
182,Shimoga,94.0,166.0,165.0,12.0,2020.0
183,Sandur,37.0,37.0,37.0,3.0,2017.0
184,Hunsur,25.0,48.0,37.0,36.0,2013.0
185,Narsipur,29.0,42.0,29.0,6.0,2014.0
186,Narsipur,37.0,37.0,37.0,3.0,2021.0
187,Sandur,47.0,33.0,47.0,11.0,2019.0
188,Mysore,24.0,46.0,50.0,55.0,2022.0
189,Kalghatgi,16.0,48.0,16.0,13.0,2019.0
190,Sorba,29.0,42.0,29.0,6.0,2020.0
193,Theerthalli,69.0,37.0,69.0,8.0,2017.0
194,Nanjangud,15.0,48.0,15.0,8.0,2016.0
195,Bellary,49.0,28.0,49.0,7.0,2016.0
196,K R Nagar,69.0,37.0,69.0,8.0,2019.0
197,Puttur,16.0,48.0,16.0,13.0,2013.0
198,Dharwad,29.0,42.0,29.0,6.0,2014.0
200,Mysore,37.0,37.0,37.0,3.0,2017.0
201,Theerthalli,49.0,28.0,49.0,7.0,2015.0
202,K R Nagar,54.0,57.0,48.0,22.0,2018.0
203,Nanjangud,36.0,53.0,39.0,24.0,2019.0
204,Kudligi,72.0,48.0,72.0,6.0,2013.0
206,Shimoga,29.0,42.0,29.0,6.0,2016.0
207,Shivamogga,33.0,34.0,48.0,28.0,2023.0
208,Nanjangud,15.0,48.0,15.0,8.0,2014.0
209,Kalghatgi,36.0,35.0,65.0,7.0,2018.0
210,Koppa,15.0,48.0,15.0,8.0,2018.0
211,Mangalore,37.0,37.0,37.0,3.0,2020.0
212,Sorba,69.0,37.0,69.0,8.0,2019.0
213,Siruguppa,29.0,42.0,29.0,6.0,2016.0
214,Theerthalli,72.0,48.0,72.0,6.0,2019.0
215,Bantval,38.0,67.0,38.0,3.0,2016.0
216,Tarikere,72.0,48.0,72.0,6.0,2016.0
217,Sorba,54.0,57.0,48.0,22.0,2014.0
218,Nanjangud,49.0,28.0,49.0,7.0,2020.0
219,Shimoga,36.0,35.0,65.0,7.0,2018.0
220,Tarikere,69.0,37.0,69.0,8.0,2014.0
221,Birur,29.0,42.0,29.0,6.0,2012.0
222,Sorba,69.0,37.0,69.0,8.0,2019.0
224,Mudigere,26.0,39.0,26.0,1.0,2020.0
226,Theerthalli,33.0,56.0,42.0,14.0,2018.0
227,Hospet,72.0,48.0,72.0,6.0,2021.0
228,Kudligi,26.0,39.0,26.0,1.0,2012.0
229,Bellary,64.0,175.0,166.0,43.0,2014.0
230,Hospet,69.0,37.0,69.0,8.0,2013.0
231,Shikaripura,15.0,48.0,15.0,8.0,2015.0
233,Narsipur,94.0,166.0,165.0,12.0,2020.0
234,Sagara,46.0,42.0,48.0,70.0,2022.0
235,Sandur,64.0,175.0,166.0,43.0,2021.0
236,Hospet,94.0,166.0,165.0,12.0,2016.0
238,Sagara,72.0,48.0,72.0,6.0,2015.0
239,Beltangdi,29.0,42.0,29.0,6.0,2021.0
240,Shikaripura,36.0,53.0,39.0,24.0,2018.0
241,Koppa,26.0,39.0,26.0,1.0,2013.0
242,Bellary,16.0,48.0,16.0,13.0,2013.0
243,Sandur,36.0,53.0,39.0,24.0,2014.0
244,Shikaripura,98.0,56.0,53.0,3.0,2021.0
245,Hubli,69.0,37.0,69.0,8.0,2012.0
246,Kalghatgi,26.0,39.0,26.0,1.0,2015.0
247,Sandur,68.0,165.0,68.0,21.0,2012.0
248,Shimoga,36.0,35.0,65.0,7.0,2018.0
249,Nanjangud,15.0,48.0,15.0,8.0,2016.0
250,Shimoga,36.0,35.0,65.0,7.0,2014.0
251,Kalghatgi,26.0,39.0,26.0,1.0,2016.0
252,Bengaluru,28.0,36.0,60.0,78.0,2022.0
255,Koppa,49.0,28.0,49.0,7.0,2016.0
256,Sorba,38.0,67.0,38.0,3.0,2015.0
257,Hunsur,72.0,48.0,72.0,6.0,2015.0
258,Siruguppa,68.0,165.0,68.0,21.0,2020.0
259,Koppa,69.0,37.0,69.0,8.0,2021.0
260,Tarikere,49.0,28.0,49.0,7.0,2012.0
261,Mysore,24.0,46.0,50.0,55.0,2023.0
262,Theerthalli,69.0,37.0,69.0,8.0,2013.0
263,Kalghatgi,26.0,39.0,26.0,1.0,2016.0
264,Sorba,26.0,39.0,26.0,1.0,2012.0
265,Bellary,37.0,37.0,37.0,3.0,2020.0
266,Birur,94.0,166.0,165.0,12.0,2016.0
267,Navalgund,29.0,42.0,29.0,6.0,2016.0
268,chikkmagalur,36.0,35.0,65.0,7.0,2020.0
269,Kudligi,15.0,48.0,15.0,8.0,2017.0
270,Shikaripura,26.0,39.0,26.0,1.0,2016.0
271,Theerthalli,49.0,28.0,49.0,7.0,2015.0
272,chikkmagalur,36.0,35.0,65.0,7.0,2020.0
273,K R Nagar,38.0,67.0,38.0,3.0,2015.0
274,Hunsur,72.0,48.0,72.0,6.0,2015.0
275,Piriyapatna,36.0,65.0,33.0,5.0,2013.0
276,Tarikere,37.0,37.0,37.0,3.0,2020.0
277,Dharwad,64.0,175.0,166.0,43.0,2020.0
278,K R Nagar,26.0,39.0,26.0,1.0,2014.0
279,Hunsur,15.0,48.0,15.0,8.0,2020.0
280,Bellary,16.0,48.0,16.0,13.0,2013.0
281,Sagara,16.0,48.0,16.0,13.0,2019.0
282,Kalghatgi,47.0,33.0,47.0,11.0,2014.0
283,Piriyapatna,36.0,35.0,65.0,7.0,2012.0
284,Nanjangud,98.0,56.0,53.0,3.0,2018.0
285,Kalghatgi,26.0,39.0,26.0,1.0,2016.0
287,Shimoga,69.0,37.0,69.0,8.0,2015.0
289,Siruguppa,36.0,35.0,65.0,7.0,2021.0
290,Mangalore,72.0,48.0,72.0,6.0,2016.0
291,Siruguppa,29.0,42.0,29.0,6.0,2017.0
293,Kudligi,26.0,39.0,26.0,1.0,2012.0
294,Shikaripura,98.0,56.0,53.0,3.0,2021.0
295,Kalghatgi,26.0,39.0,26.0,1.0,2015.0
297,Mangalore,72.0,48.0,72.0,6.0,2016.0
298,Nanjangud,54.0,57.0,48.0,22.0,2013.0
299,Mysore,24.0,46.0,50.0,55.0,2023.0
300,Bhadravathi,72.0,48.0,72.0,6.0,2013.0
301,Sandur,16.0,48.0,16.0,13.0,2020.0
302,Bellary,37.0,37.0,37.0,3.0,2012.0
303,Tarikere,37.0,37.0,37.0,3.0,2017.0
304,Sandur,47.0,33.0,47.0,11.0,2019.0
305,Piriyapatna,47.0,33.0,47.0,11.0,2014.0
306,Hospet,94.0,166.0,165.0,12.0,2016.0
307,Bellary,49.0,28.0,49.0,7.0,2016.0
308,Nanjangud,15.0,48.0,15.0,8.0,2014.0
309,Hubli,37.0,37.0,37.0,3.0,2021.0
310,Tarikere,37.0,37.0,37.0,3.0,2020.0
311,Nanjangud,36.0,53.0,39.0,24.0,2019.0
312,Shimoga,36.0,35.0,65.0,7.0,2014.0
313,Narsipur,29.0,42.0,29.0,6.0,2016.0
314,Hospet,54.0,57.0,48.0,22.0,2014.0
315,Hubli,37.0,37.0,37.0,3.0,2021.0
316,Mangalore,15.0,48.0,15.0,8.0,2017.0
317,Tarikere,33.0,56.0,42.0,14.0,2015.0
318,Hunsur,37.0,37.0,37.0,3.0,2014.0
319,Navalgund,47.0,33.0,47.0,11.0,2015.0
321,Piriyapatna,69.0,37.0,69.0,8.0,2017.0
322,Beltangdi,69.0,37.0,69.0,8.0,2013.0
323,K R Nagar,16.0,48.0,16.0,13.0,2017.0
324,Sorba,54.0,57.0,48.0,22.0,2018.0
326,Kundgol,37.0,37.0,37.0,3.0,2016.0
327,Sandur,37.0,37.0,37.0,3.0,2017.0
328,Puttur,15.0,48.0,15.0,8.0,2019.0
329,Birur,36.0,35.0,65.0,7.0,2014.0
330,Kundgol,49.0,28.0,49.0,7.0,2013.0
331,Kudligi,15.0,48.0,15.0,8.0,2017.0
332,Puttur,15.0,48.0,15.0,8.0,2019.0
333,Shimoga,94.0,166.0,165.0,12.0,2020.0
334,Navalgund,37.0,37.0,37.0,3.0,2014.0
335,Sorba,54.0,57.0,48.0,22.0,2018.0
336,Mysore,24.0,46.0,50.0,55.0,2023.0
338,Hubli,16.0,48.0,16.0,13.0,2017.0
340,Bengaluru,28.0,36.0,60.0,78.0,2022.0
341,Sagara,37.0,37.0,37.0,3.0,2016.0
342,Kadur,26.0,39.0,26.0,1.0,2013.0
344,Navalgund,47.0,33.0,47.0,11.0,2015.0
345,chikkmagalur,78.0,189.0,175.0,21.0,2018.0
346,Mysore,72.0,48.0,72.0,6.0,2018.0
347,Hunsur,37.0,37.0,37.0,3.0,2014.0
348,Narsipur,94.0,166.0,165.0,12.0,2020.0
349,Nanjangud,54.0,57.0,48.0,22.0,2013.0
350,Hunsur,25.0,48.0,37.0,36.0,2013.0
353,Puttur,47.0,33.0,47.0,11.0,2020.0
354,Siruguppa,36.0,35.0,65.0,7.0,2021.0
355,K R Nagar,16.0,48.0,16.0,13.0,2017.0
356,chikkmagalur,26.0,39.0,26.0,1.0,2021.0
357,Bellary,36.0,35.0,65.0,7.0,2019.0
358,Sagara,68.0,165.0,68.0,21.0,2013.0
359,Piriyapatna,36.0,35.0,65.0,7.0,2021.0
360,Bantval,29.0,42.0,29.0,6.0,2017.0
361,Kadur,38.0,67.0,38.0,3.0,2012.0
362,Hunsur,54.0,98.0,48.0,18.0,2012.0
363,Kadur,26.0,39.0,26.0,1.0,2019.0
364,Navalgund,29.0,42.0,29.0,6.0,2016.0
365,Sorba,38.0,67.0,38.0,3.0,2015.0
366,Hunsur,72.0,48.0,72.0,6.0,2015.0
368,Sagara,68.0,165.0,68.0,21.0,2013.0
369,Bhadravathi,25.0,48.0,37.0,36.0,2014.0
370,Birur,37.0,37.0,37.0,3.0,2017.0
371,Hospet,72.0,48.0,72.0,6.0,2021.0
372,Kundgol,47.0,33.0,47.0,11.0,2017.0
373,Mysore,68.0,165.0,68.0,21.0,2015.0
374,Dharwad,72.0,48.0,72.0,6.0,2013.0
375,Mudigere,26.0,39.0,26.0,1.0,2020.0
376,Hubli,64.0,175.0,166.0,43.0,2018.0
377,Theerthalli,37.0,37.0,37.0,3.0,2020.0
379,Sandur,47.0,33.0,47.0,11.0,2018.0
380,Nanjangud,16.0,48.0,16.0,13.0,2015.0
381,Hospet,16.0,48.0,16.0,13.0,2015.0
382,Koppa,47.0,33.0,47.0,11.0,2017.0
383,Theerthalli,72.0,48.0,72.0,6.0,2019.0
384,Shikaripura,26.0,39.0,26.0,1.0,2012.0
385,Siruguppa,26.0,39.0,26.0,1.0,2018.0
386,Bellary,64.0,175.0,166.0,43.0,2014.0
387,Nanjangud,98.0,56.0,53.0,3.0,2018.0
388,Sandur,38.0,67.0,38.0,3.0,2016.0
389,Kundgol,98.0,56.0,53.0,3.0,2018.0
390,Shimoga,47.0,33.0,47.0,11.0,2017.0
391,Shivamogga,33.0,34.0,48.0,28.0,2023.0
392,Beltangdi,32.0,57.0,57.0,9.0,2018.0
393,Sorba,54.0,57.0,48.0,22.0,2018.0
395,Shimoga,36.0,35.0,65.0,7.0,2014.0
396,K R Nagar,16.0,48.0,16.0,13.0,2017.0
397,Sandur,47.0,33.0,47.0,11.0,2019.0
398,Navalgund,38.0,67.0,38.0,3.0,2013.0
399,Kudligi,15.0,48.0,15.0,8.0,2017.0
400,Kundgol,33.0,56.0,42.0,14.0,2020.0
402,Dharwad,40.0,48.0,12.0,78.0,2022.0
403,Sagara,72.0,48.0,72.0,6.0,2015.0
404,Bengaluru,28.0,36.0,60.0,78.0,2022.0
405,Theerthalli,33.0,56.0,42.0,14.0,2014.0
407,Bhadravathi,72.0,48.0,72.0,6.0,2013.0
408,Siruguppa,29.0,42.0,29.0,6.0,2016.0
410,Kalghatgi,16.0,48.0,16.0,13.0,2019.0
411,Theerthalli,47.0,33.0,47.0,11.0,2016.0
414,Sagara,68.0,165.0,68.0,21.0,2013.0
415,Beltangdi,25.0,48.0,37.0,36.0,2014.0
416,Mudigere,94.0,166.0,165.0,12.0,2012.0
417,Koppa,26.0,39.0,26.0,1.0,2019.0
418,Shimoga,36.0,65.0,33.0,5.0,2019.0
419,Kundgol,37.0,37.0,37.0,3.0,2015.0
422,Tarikere,68.0,165.0,68.0,21.0,2021.0
423,Piriyapatna,72.0,48.0,72.0,6.0,2019.0
424,Navalgund,33.0,56.0,42.0,14.0,2019.0
426,Theerthalli,33.0,56.0,42.0,14.0,2018.0
427,Tarikere,37.0,37.0,37.0,3.0,2020.0
429,Bantval,36.0,35.0,65.0,7.0,2012.0
430,chikkmagalur,72.0,48.0,72.0,6.0,2012.0
431,Mudigere,38.0,67.0,38.0,3.0,2016.0
432,Beltangdi,32.0,57.0,57.0,9.0,2018.0
433,Tarikere,72.0,36.0,56.0,16.0,2018.0
434,chikkmagalur,64.0,175.0,166.0,43.0,2015.0
435,Dharwad,40.0,48.0,12.0,78.0,2022.0
436,Birur,29.0,42.0,29.0,6.0,2018.0
437,Puttur,16.0,48.0,16.0,13.0,2013.0
438,Mangalore,33.0,56.0,42.0,14.0,2013.0
439,Kudligi,98.0,56.0,53.0,3.0,2021.0
440,Kundgol,37.0,37.0,37.0,3.0,2016.0
443,Birur,29.0,42.0,29.0,6.0,2012.0
444,Mudigere,72.0,48.0,72.0,6.0,2014.0
445,Dharwad,54.0,57.0,48.0,22.0,2019.0
446,Bhadravathi,72.0,48.0,72.0,6.0,2013.0
447,Bellary,37.0,37.0,37.0,3.0,2020.0
448,Theerthalli,72.0,48.0,72.0,6.0,2019.0
449,chikkmagalur,64.0,175.0,166.0,43.0,2015.0
450,Dharwad,40.0,48.0,12.0,78.0,2022.0
451,Tarikere,68.0,165.0,68.0,21.0,2021.0
453,Bhadravathi,72.0,48.0,72.0,6.0,2013.0
454,chikkmagalur,15.0,48.0,15.0,8.0,2017.0
457,Sandur,38.0,67.0,38.0,3.0,2015.0
459,Shimoga,29.0,42.0,29.0,6.0,2016.0
460,Koppa,15.0,48.0,15.0,8.0,2012.0
461,Kadur,38.0,67.0,38.0,3.0,2012.0
462,Kalghatgi,26.0,39.0,26.0,1.0,2015.0
463,Siruguppa,72.0,48.0,72.0,6.0,2015.0
464,Puttur,15.0,48.0,15.0,8.0,2019.0
465,Hubli,47.0,33.0,47.0,11.0,2015.0
466,Bantval,37.0,37.0,37.0,3.0,2018.0
467,Koppa,98.0,56.0,53.0,3.0,2014.0
468,Navalgund,26.0,39.0,26.0,1.0,2017.0
469,Hospet,26.0,39.0,26.0,1.0,2012.0
470,Mudigere,16.0,48.0,16.0,13.0,2021.0
471,Bellary,36.0,65.0,33.0,5.0,2015.0
472,Puttur,16.0,48.0,16.0,13.0,2013.0
473,chikkmagalur,26.0,39.0,26.0,1.0,2021.0
474,Shimoga,69.0,37.0,69.0,8.0,2015.0
476,Dharwad,54.0,57.0,48.0,22.0,2019.0
477,chikkmagalur,37.0,37.0,37.0,3.0,2019.0
478,Mudigere,94.0,166.0,165.0,12.0,2018.0
479,chikkmagalur,72.0,48.0,72.0,6.0,2012.0
480,Bhadravathi,38.0,67.0,38.0,3.0,2019.0
481,Mudigere,72.0,48.0,72.0,6.0,2014.0
482,Siruguppa,26.0,39.0,26.0,1.0,2018.0
485,K R Nagar,26.0,39.0,26.0,1.0,2016.0
486,Mangalore,64.0,175.0,166.0,43.0,2014.0
487,Puttur,78.0,189.0,175.0,21.0,2018.0
488,Koppa,26.0,39.0,26.0,1.0,2013.0
489,Kundgol,26.0,39.0,26.0,1.0,2014.0
490,Piriyapatna,69.0,37.0,69.0,8.0,2017.0
491,Sandur,47.0,33.0,47.0,11.0,2018.0
492,Sorba,29.0,42.0,29.0,6.0,2020.0
493,Beltangdi,25.0,48.0,37.0,36.0,2014.0
495,Navalgund,33.0,56.0,42.0,14.0,2012.0
496,chikkmagalur,37.0,37.0,37.0,3.0,2013.0
497,Beltangdi,25.0,48.0,37.0,36.0,2014.0
498,Hospet,26.0,39.0,26.0,1.0,2012.0
499,Hubli,47.0,33.0,47.0,11.0,2016.0
500,Theerthalli,33.0,56.0,42.0,14.0,2014.0
501,Mudigere,94.0,166.0,165.0,12.0,2018.0
502,Mudigere,37.0,37.0,37.0,3.0,2013.0
503,Beltangdi,69.0,37.0,69.0,8.0,2015.0
504,Beltangdi,32.0,57.0,57.0,9.0,2018.0
505,Kundgol,25.0,48.0,37.0,36.0,2012.0
506,Hubli,69.0,37.0,69.0,8.0,2012.0
508,Nanjangud,36.0,53.0,39.0,24.0,2019.0
509,Bhadravathi,38.0,67.0,38.0,3.0,2019.0
510,Hunsur,72.0,48.0,72.0,6.0,2015.0
511,Sandur,47.0,33.0,47.0,11.0,2018.0
512,Puttur,37.0,37.0,37.0,3.0,2017.0
513,Mysore,38.0,67.0,38.0,3.0,2020.0
514,Mangalore,72.0,36.0,56.0,16.0,2019.0
515,Sandur,38.0,67.0,38.0,3.0,2016.0
517,Bengaluru,28.0,36.0,60.0,78.0,2023.0
518,Navalgund,38.0,67.0,38.0,3.0,2013.0
519,Sorba,54.0,57.0,48.0,22.0,2018.0
520,Beltangdi,94.0,166.0,165.0,12.0,2016.0
521,Sandur,38.0,67.0,38.0,3.0,2016.0
522,Puttur,33.0,56.0,42.0,14.0,2014.0
523,chikkmagalur,68.0,165.0,68.0,21.0,2014.0
524,Shikaripura,98.0,56.0,53.0,3.0,2021.0
525,Mangalore,98.0,56.0,53.0,3.0,2012.0
526,Koppa,49.0,28.0,49.0,7.0,2016.0
527,Tarikere,68.0,165.0,68.0,21.0,2021.0
528,Theerthalli,33.0,56.0,42.0,14.0,2018.0
529,Mysore,38.0,67.0,38.0,3.0,2020.0
531,Tarikere,49.0,28.0,49.0,7.0,2012.0
532,Mysore,38.0,67.0,38.0,3.0,2020.0
533,Narsipur,94.0,166.0,165.0,12.0,2020.0
534,Puttur,49.0,28.0,49.0,7.0,2016.0
535,Kundgol,47.0,33.0,47.0,11.0,2017.0
536,Puttur,49.0,28.0,49.0,7.0,2016.0
537,Navalgund,29.0,42.0,29.0,6.0,2016.0
538,Shikaripura,47.0,33.0,47.0,11.0,2020.0
539,Sagara,64.0,175.0,166.0,43.0,2018.0
540,Kundgol,33.0,56.0,42.0,14.0,2020.0
541,Narsipur,72.0,36.0,56.0,16.0,2012.0
542,Navalgund,94.0,166.0,165.0,12.0,2021.0
544,Mysore,68.0,165.0,68.0,21.0,2015.0
545,Bellary,26.0,39.0,26.0,1.0,2018.0
546,Hospet,54.0,57.0,48.0,22.0,2014.0
547,Beltangdi,69.0,37.0,69.0,8.0,2013.0
548,Kalghatgi,26.0,39.0,26.0,1.0,2016.0
549,Dharwad,37.0,37.0,37.0,3.0,2017.0
550,Kadur,69.0,37.0,69.0,8.0,2016.0
551,Theerthalli,47.0,33.0,47.0,11.0,2016.0
552,K R Nagar,26.0,39.0,26.0,1.0,2016.0
553,Hunsur,54.0,98.0,48.0,18.0,2012.0
554,Mangalore,98.0,56.0,53.0,3.0,2012.0
556,Bantval,37.0,37.0,37.0,3.0,2018.0
557,Sandur,68.0,165.0,68.0,21.0,2012.0
558,Mudigere,16.0,48.0,16.0,13.0,2021.0
559,Piriyapatna,36.0,35.0,65.0,7.0,2021.0
560,Shimoga,94.0,166.0,165.0,12.0,2020.0
561,Siruguppa,29.0,42.0,29.0,6.0,2016.0
562,Kalghatgi,68.0,165.0,68.0,21.0,2017.0
564,Navalgund,38.0,67.0,38.0,3.0,2013.0
566,Birur,37.0,37.0,37.0,3.0,2017.0
567,Mysore,68.0,165.0,68.0,21.0,2015.0
569,chikkmagalur,37.0,37.0,37.0,3.0,2013.0
570,Narsipur,33.0,56.0,42.0,14.0,2013.0
572,chikkmagalur,68.0,165.0,68.0,21.0,2014.0
573,Sagara,78.0,189.0,175.0,21.0,2021.0
574,Dharwad,54.0,57.0,48.0,22.0,2019.0
575,Theerthalli,69.0,37.0,69.0,8.0,2013.0
576,Theerthalli,47.0,33.0,47.0,11.0,2012.0
579,Kadur,32.0,57.0,57.0,9.0,2018.0
580,Sagara,68.0,165.0,68.0,21.0,2013.0
581,Dharwad,54.0,57.0,48.0,22.0,2012.0
583,Siruguppa,47.0,33.0,47.0,11.0,2012.0
584,Kudligi,98.0,56.0,53.0,3.0,2021.0
585,Piriyapatna,36.0,35.0,65.0,7.0,2012.0
586,Koppa,49.0,28.0,49.0,7.0,2016.0
587,Beltangdi,29.0,42.0,29.0,6.0,2021.0
588,Bhadravathi,25.0,48.0,37.0,36.0,2018.0
589,Koppa,49.0,28.0,49.0,7.0,2016.0
590,K R Nagar,26.0,39.0,26.0,1.0,2014.0
591,Shivamogga,33.0,34.0,48.0,28.0,2023.0
592,Birur,29.0,42.0,29.0,6.0,2018.0
593,Kudligi,33.0,56.0,42.0,14.0,2014.0
594,Puttur,64.0,175.0,166.0,43.0,2012.0
595,Tarikere,37.0,37.0,37.0,3.0,2020.0
596,Bhadravathi,72.0,48.0,72.0,6.0,2017.0
597,Birur,36.0,65.0,33.0,5.0,2015.0
598,Narsipur,29.0,42.0,29.0,6.0,2014.0
599,Kudligi,15.0,48.0,15.0,8.0,2017.0
600,Mudigere,16.0,48.0,16.0,13.0,2021.0
601,Sagara,37.0,37.0,37.0,3.0,2016.0
602,Koppa,15.0,48.0,15.0,8.0,2018.0
604,Kadur,29.0,42.0,29.0,6.0,2020.0
605,Theerthalli,69.0,37.0,69.0,8.0,2013.0
606,Kundgol,25.0,48.0,37.0,36.0,2012.0
607,Kadur,47.0,33.0,47.0,11.0,2021.0
608,Bellary,49.0,28.0,49.0,7.0,2017.0
609,Sandur,47.0,33.0,47.0,11.0,2018.0
610,Bhadravathi,25.0,48.0,37.0,36.0,2018.0
611,Mysore,24.0,46.0,50.0,55.0,2023.0
612,Dharwad,72.0,48.0,72.0,6.0,2013.0
613,Beltangdi,69.0,37.0,69.0,8.0,2015.0
614,Mysore,64.0,175.0,166.0,43.0,2013.0
615,Hospet,72.0,48.0,72.0,6.0,2021.0
616,Nanjangud,15.0,48.0,15.0,8.0,2014.0
617,Shimoga,94.0,166.0,165.0,12.0,2020.0
618,Kalghatgi,94.0,166.0,165.0,12.0,2013.0
619,Birur,29.0,42.0,29.0,6.0,2012.0
620,Navalgund,54.0,57.0,48.0,22.0,2020.0
621,K R Nagar,16.0,48.0,16.0,13.0,2017.0
622,Sorba,54.0,57.0,48.0,22.0,2018.0
623,Narsipur,29.0,42.0,29.0,6.0,2016.0
624,Mudigere,37.0,37.0,37.0,3.0,2019.0
625,Puttur,36.0,35.0,65.0,7.0,2021.0
626,Kalghatgi,94.0,166.0,165.0,12.0,2013.0
627,Kalghatgi,47.0,33.0,47.0,11.0,2014.0
628,Dharwad,64.0,175.0,166.0,43.0,2020.0
629,Hospet,16.0,48.0,16.0,13.0,2015.0
630,Dharwad,54.0,57.0,48.0,22.0,2019.0
631,Hubli,69.0,37.0,69.0,8.0,2012.0
632,Bhadravathi,72.0,48.0,72.0,6.0,2017.0
633,Sagara,46.0,42.0,48.0,70.0,2023.0
634,Shikaripura,47.0,33.0,47.0,11.0,2020.0
635,Bellary,36.0,65.0,33.0,5.0,2015.0
636,Bellary,36.0,65.0,33.0,5.0,2015.0
637,Navalgund,29.0,42.0,29.0,6.0,2016.0
638,chikkmagalur,37.0,37.0,37.0,3.0,2013.0
639,Shivamogga,33.0,34.0,48.0,28.0,2023.0
641,Hubli,47.0,33.0,47.0,11.0,2015.0
642,Mudigere,94.0,166.0,165.0,12.0,2018.0
643,Kadur,16.0,48.0,16.0,13.0,2014.0
644,Navalgund,47.0,33.0,47.0,11.0,2015.0
645,Kalghatgi,68.0,165.0,68.0,21.0,2017.0
646,Nanjangud,16.0,48.0,16.0,13.0,2015.0
648,Shimoga,47.0,33.0,47.0,11.0,2013.0
649,Shikaripura,47.0,33.0,47.0,11.0,2020.0
651,Shimoga,29.0,42.0,29.0,6.0,2012.0
652,Sorba,16.0,48.0,16.0,13.0,2013.0
653,Mangalore,64.0,175.0,166.0,43.0,2014.0
654,Sandur,64.0,175.0,166.0,43.0,2021.0
656,Koppa,36.0,53.0,39.0,24.0,2015.0
657,Sagara,72.0,48.0,72.0,6.0,2015.0
658,Nanjangud,32.0,57.0,57.0,9.0,2012.0
659,Beltangdi,69.0,37.0,69.0,8.0,2013.0
660,Hunsur,25.0,48.0,37.0,36.0,2013.0
661,Kadur,26.0,39.0,26.0,1.0,2019.0
662,Theerthalli,49.0,28.0,49.0,7.0,2015.0
663,Sandur,68.0,165.0,68.0,21.0,2012.0
664,Kundgol,25.0,48.0,37.0,36.0,2019.0
665,Sandur,36.0,53.0,39.0,24.0,2014.0
666,K R Nagar,98.0,56.0,53.0,3.0,2012.0
667,Puttur,49.0,28.0,49.0,7.0,2016.0
669,Sandur,36.0,53.0,39.0,24.0,2014.0
670,Dharwad,69.0,37.0,69.0,8.0,2018.0
671,Dharwad,26.0,39.0,26.0,1.0,2015.0
672,Bhadravathi,37.0,37.0,37.0,3.0,2016.0
673,Sorba,32.0,57.0,57.0,9.0,2021.0
675,K R Nagar,26.0,39.0,26.0,1.0,2014.0
676,Tarikere,37.0,37.0,37.0,3.0,2020.0
677,Koppa,98.0,56.0,53.0,3.0,2014.0
678,Puttur,36.0,35.0,65.0,7.0,2021.0
679,Navalgund,37.0,37.0,37.0,3.0,2014.0
680,Nanjangud,26.0,39.0,26.0,1.0,2017.0
681,Navalgund,94.0,166.0,165.0,12.0,2021.0
682,Hospet,69.0,37.0,69.0,8.0,2013.0
683,Kadur,38.0,67.0,38.0,3.0,2012.0
684,Mysore,94.0,166.0,165.0,12.0,2016.0
685,Piriyapatna,47.0,33.0,47.0,11.0,2014.0
686,Sagara,72.0,48.0,72.0,6.0,2015.0
687,Nanjangud,98.0,56.0,53.0,3.0,2018.0
688,Beltangdi,69.0,37.0,69.0,8.0,2013.0
689,Shikaripura,36.0,53.0,39.0,24.0,2018.0
690,Navalgund,33.0,56.0,42.0,14.0,2012.0
691,Hunsur,15.0,48.0,15.0,8.0,2020.0
692,Narsipur,36.0,65.0,33.0,5.0,2019.0
693,Birur,94.0,166.0,165.0,12.0,2016.0
696,Navalgund,47.0,33.0,47.0,11.0,2015.0
697,Siruguppa,25.0,48.0,37.0,36.0,2014.0
698,Siruguppa,98.0,56.0,53.0,3.0,2013.0
699,Shimoga,36.0,35.0,65.0,7.0,2014.0
700,K R Nagar,26.0,39.0,26.0,1.0,2014.0
701,Kundgol,98.0,56.0,53.0,3.0,2018.0
702,Hubli,15.0,48.0,15.0,8.0,2013.0
703,Bengaluru,28.0,36.0,60.0,78.0,2022.0
704,Tarikere,69.0,37.0,69.0,8.0,2014.0
705,Navalgund,37.0,37.0,37.0,3.0,2014.0
706,Mudigere,37.0,37.0,37.0,3.0,2019.0
707,K R Nagar,38.0,67.0,38.0,3.0,2015.0
708,Narsipur,29.0,42.0,29.0,6.0,2016.0
709,Bellary,26.0,39.0,26.0,1.0,2018.0
710,K R Nagar,98.0,56.0,53.0,3.0,2012.0
711,Bellary,69.0,37.0,69.0,8.0,2021.0
712,Sagara,68.0,165.0,68.0,21.0,2013.0
713,Kundgol,33.0,56.0,42.0,14.0,2020.0
714,Kudligi,15.0,48.0,15.0,8.0,2016.0
715,Kudligi,15.0,48.0,15.0,8.0,2017.0
716,Dharwad,54.0,57.0,48.0,22.0,2019.0
717,Nanjangud,36.0,53.0,39.0,24.0,2019.0
718,K R Nagar,29.0,42.0,29.0,6.0,2020.0
719,Beltangdi,94.0,166.0,165.0,12.0,2016.0
720,Koppa,69.0,37.0,69.0,8.0,2021.0
721,Kundgol,47.0,33.0,47.0,11.0,2017.0
723,Hubli,16.0,48.0,16.0,13.0,2017.0
724,Koppa,69.0,37.0,69.0,8.0,2021.0
725,chikkmagalur,26.0,39.0,26.0,1.0,2021.0
727,Sorba,16.0,48.0,16.0,13.0,2017.0
728,Sagara,15.0,48.0,15.0,8.0,2020.0
729,Puttur,16.0,48.0,16.0,13.0,2013.0
730,Narsipur,29.0,42.0,29.0,6.0,2016.0
731,Bantval,47.0,33.0,47.0,11.0,2021.0
732,Shimoga,36.0,35.0,65.0,7.0,2014.0
733,Hospet,72.0,48.0,72.0,6.0,2021.0
734,Navalgund,29.0,42.0,29.0,6.0,2016.0
735,Mysore,78.0,189.0,175.0,21.0,2012.0
736,Bengaluru,28.0,36.0,60.0,78.0,2023.0
737,Bhadravathi,72.0,48.0,72.0,6.0,2017.0
738,Kundgol,37.0,37.0,37.0,3.0,2015.0
739,Hunsur,54.0,98.0,48.0,18.0,2012.0
740,Hunsur,15.0,48.0,15.0,8.0,2020.0
741,Siruguppa,25.0,48.0,37.0,36.0,2014.0
742,Sandur,38.0,67.0,38.0,3.0,2016.0
743,Siruguppa,47.0,33.0,47.0,11.0,2012.0
744,Narsipur,29.0,42.0,29.0,6.0,2016.0
745,Nanjangud,54.0,57.0,48.0,22.0,2013.0
746,Bantval,36.0,65.0,33.0,5.0,2015.0
747,Hunsur,16.0,48.0,16.0,13.0,2019.0
749,Nanjangud,47.0,33.0,47.0,11.0,2021.0
750,Hunsur,54.0,98.0,48.0,18.0,2012.0
751,Navalgund,72.0,48.0,72.0,6.0,2018.0
752,Birur,72.0,48.0,72.0,6.0,2021.0
753,Kudligi,37.0,37.0,37.0,3.0,2018.0
754,Bellary,36.0,65.0,33.0,5.0,2015.0
755,Tarikere,72.0,36.0,56.0,16.0,2018.0
757,Sagara,68.0,165.0,68.0,21.0,2013.0
758,Dharwad,29.0,42.0,29.0,6.0,2014.0
759,Bellary,37.0,37.0,37.0,3.0,2020.0
760,Narsipur,36.0,35.0,65.0,7.0,2018.0
761,Beltangdi,29.0,42.0,29.0,6.0,2021.0
762,Sagara,37.0,37.0,37.0,3.0,2016.0
765,Hunsur,72.0,48.0,72.0,6.0,2015.0
766,Mysore,26.0,39.0,26.0,1.0,2021.0
767,Sorba,32.0,57.0,57.0,9.0,2021.0
768,Koppa,26.0,39.0,26.0,1.0,2013.0
769,Kadur,32.0,57.0,57.0,9.0,2018.0
770,Shivamogga,33.0,34.0,48.0,28.0,2022.0
771,Piriyapatna,69.0,37.0,69.0,8.0,2017.0
772,Sandur,36.0,35.0,65.0,7.0,2013.0
773,Nanjangud,36.0,53.0,39.0,24.0,2019.0
774,Narsipur,94.0,166.0,165.0,12.0,2020.0
775,Beltangdi,69.0,37.0,69.0,8.0,2015.0
776,Sagara,78.0,189.0,175.0,21.0,2021.0
777,K R Nagar,47.0,33.0,47.0,11.0,2021.0
778,Beltangdi,26.0,39.0,26.0,1.0,2017.0
779,Birur,37.0,37.0,37.0,3.0,2017.0
781,Mudigere,25.0,48.0,37.0,36.0,2015.0
782,Theerthalli,37.0,37.0,37.0,3.0,2020.0
783,Nanjangud,54.0,57.0,48.0,22.0,2013.0
784,Hunsur,16.0,48.0,16.0,13.0,2019.0
785,Tarikere,49.0,28.0,49.0,7.0,2012.0
787,Shimoga,47.0,33.0,47.0,11.0,2013.0
788,Mangalore,98.0,56.0,53.0,3.0,2012.0
789,Shimoga,29.0,42.0,29.0,6.0,2012.0
790,Birur,72.0,48.0,72.0,6.0,2021.0
791,Kundgol,37.0,37.0,37.0,3.0,2015.0
792,Bhadravathi,25.0,48.0,37.0,36.0,2018.0
793,Hubli,16.0,48.0,16.0,13.0,2017.0
794,Mudigere,26.0,39.0,26.0,1.0,2017.0
795,Tarikere,49.0,28.0,49.0,7.0,2012.0
796,Sandur,47.0,33.0,47.0,11.0,2019.0
798,K R Nagar,47.0,33.0,47.0,11.0,2021.0
799,Piriyapatna,69.0,37.0,69.0,8.0,2017.0
800,Mudigere,26.0,39.0,26.0,1.0,2017.0
801,Siruguppa,72.0,48.0,72.0,6.0,2015.0
802,Mysore,78.0,189.0,175.0,21.0,2012.0
803,Bhadravathi,94.0,166.0,165.0,12.0,2015.0
804,Birur,29.0,42.0,29.0,6.0,2012.0
805,Puttur,47.0,33.0,47.0,11.0,2020.0
806,Narsipur,29.0,42.0,29.0,6.0,2014.0
808,chikkmagalur,16.0,48.0,16.0,13.0,2016.0
809,Kadur,26.0,39.0,26.0,1.0,2019.0
810,Hunsur,37.0,37.0,37.0,3.0,2016.0
811,Puttur,49.0,28.0,49.0,7.0,2016.0
812,Sandur,36.0,53.0,39.0,24.0,2014.0
813,Kundgol,49.0,28.0,49.0,7.0,2013.0
814,Sandur,38.0,67.0,38.0,3.0,2016.0
815,Kalghatgi,26.0,39.0,26.0,1.0,2016.0
817,Shikaripura,26.0,39.0,26.0,1.0,2016.0
818,K R Nagar,26.0,39.0,26.0,1.0,2016.0
819,Shimoga,29.0,42.0,29.0,6.0,2016.0
821,Kadur,32.0,57.0,57.0,9.0,2018.0
822,Theerthalli,69.0,37.0,69.0,8.0,2013.0
823,Kundgol,33.0,56.0,42.0,14.0,2020.0
824,Kalghatgi,16.0,48.0,16.0,13.0,2019.0
825,Tarikere,72.0,48.0,72.0,6.0,2016.0
826,Kundgol,25.0,48.0,37.0,36.0,2012.0
827,Theerthalli,69.0,37.0,69.0,8.0,2017.0
829,Kundgol,47.0,33.0,47.0,11.0,2017.0
830,Nanjangud,36.0,53.0,39.0,24.0,2019.0
831,Kadur,26.0,39.0,26.0,1.0,2013.0
832,Koppa,26.0,39.0,26.0,1.0,2019.0
833,Birur,37.0,37.0,37.0,3.0,2017.0
834,Sandur,16.0,48.0,16.0,13.0,2020.0
835,Theerthalli,37.0,37.0,37.0,3.0,2020.0
836,Mangalore,98.0,56.0,53.0,3.0,2012.0
837,Bhadravathi,94.0,166.0,165.0,12.0,2015.0
838,Bhadravathi,25.0,48.0,37.0,36.0,2018.0
839,Siruguppa,29.0,42.0,29.0,6.0,2017.0
840,Beltangdi,26.0,39.0,26.0,1.0,2017.0
841,Kalghatgi,26.0,39.0,26.0,1.0,2015.0
842,Nanjangud,16.0,48.0,16.0,13.0,2015.0
843,Kundgol,15.0,48.0,15.0,8.0,2021.0
844,Shimoga,36.0,35.0,65.0,7.0,2014.0
845,Koppa,98.0,56.0,53.0,3.0,2014.0
846,Bhadravathi,25.0,48.0,37.0,36.0,2014.0
847,Tarikere,37.0,37.0,37.0,3.0,2017.0
848,Bellary,64.0,175.0,166.0,43.0,2014.0
849,Navalgund,33.0,56.0,42.0,14.0,2019.0
851,Hunsur,64.0,175.0,166.0,43.0,2018.0
852,Mysore,26.0,39.0,26.0,1.0,2021.0
854,Bellary,69.0,37.0,69.0,8.0,2021.0
855,Sagara,68.0,165.0,68.0,21.0,2013.0
856,Dharwad,36.0,35.0,65.0,7.0,2016.0
857,Hunsur,26.0,39.0,26.0,1.0,2021.0
858,Bantval,47.0,33.0,47.0,11.0,2021.0
859,Mysore,24.0,46.0,50.0,55.0,2023.0
860,Mysore,37.0,37.0,37.0,3.0,2017.0
861,Piriyapatna,69.0,37.0,69.0,8.0,2017.0
862,Shikaripura,26.0,39.0,26.0,1.0,2016.0
864,Bhadravathi,25.0,48.0,37.0,36.0,2018.0
865,Bantval,29.0,42.0,29.0,6.0,2017.0
866,Sagara,37.0,37.0,37.0,3.0,2012.0
867,Sorba,16.0,48.0,16.0,13.0,2013.0
868,Sorba,54.0,57.0,48.0,22.0,2018.0
869,Shikaripura,98.0,56.0,53.0,3.0,2021.0
870,Mysore,94.0,166.0,165.0,12.0,2014.0
871,Dharwad,64.0,175.0,166.0,43.0,2020.0
872,chikkmagalur,72.0,48.0,72.0,6.0,2012.0
873,Dharwad,72.0,48.0,72.0,6.0,2013.0
874,Bhadravathi,54.0,98.0,48.0,18.0,2021.0
875,Theerthalli,69.0,37.0,69.0,8.0,2013.0
876,Bellary,37.0,37.0,37.0,3.0,2012.0
877,Sandur,47.0,33.0,47.0,11.0,2018.0
878,Nanjangud,15.0,48.0,15.0,8.0,2014.0
879,Beltangdi,32.0,57.0,57.0,9.0,2018.0
880,Mysore,68.0,165.0,68.0,21.0,2015.0
882,Koppa,49.0,28.0,49.0,7.0,2016.0
883,Sagara,15.0,48.0,15.0,8.0,2020.0
885,Tarikere,72.0,48.0,72.0,6.0,2016.0
886,Siruguppa,26.0,39.0,26.0,1.0,2018.0
888,Bellary,37.0,37.0,37.0,3.0,2012.0
889,Hunsur,37.0,37.0,37.0,3.0,2014.0
890,Kudligi,47.0,33.0,47.0,11.0,2020.0
891,Puttur,16.0,48.0,16.0,13.0,2015.0
892,Kundgol,98.0,56.0,53.0,3.0,2018.0
894,Shikaripura,36.0,53.0,39.0,24.0,2018.0
895,Kadur,32.0,57.0,57.0,9.0,2018.0
896,Nanjangud,54.0,57.0,48.0,22.0,2013.0
897,Mysore,26.0,39.0,26.0,1.0,2021.0
898,Dharwad,64.0,175.0,166.0,43.0,2020.0
899,Siruguppa,29.0,42.0,29.0,6.0,2017.0
900,Kadur,38.0,67.0,38.0,3.0,2012.0
901,Kudligi,37.0,37.0,37.0,3.0,2019.0
902,Shimoga,36.0,65.0,33.0,5.0,2019.0
903,Sagara,68.0,165.0,68.0,21.0,2017.0
904,Birur,37.0,37.0,37.0,3.0,2017.0
905,Mangalore,15.0,48.0,15.0,8.0,2017.0
906,Nanjangud,15.0,48.0,15.0,8.0,2016.0
907,Mudigere,37.0,37.0,37.0,3.0,2013.0
908,Sagara,64.0,175.0,166.0,43.0,2014.0
909,K R Nagar,38.0,67.0,38.0,3.0,2015.0
910,Bantval,25.0,48.0,37.0,36.0,2013.0
911,Hubli,36.0,53.0,39.0,24.0,2020.0
912,Shimoga,36.0,65.0,33.0,5.0,2019.0
913,Dharwad,64.0,175.0,166.0,43.0,2020.0
914,Kalghatgi,25.0,48.0,37.0,36.0,2020.0
915,Kundgol,33.0,56.0,42.0,14.0,2020.0
916,Hunsur,72.0,48.0,72.0,6.0,2015.0
917,Nanjangud,16.0,48.0,16.0,13.0,2015.0
918,Bhadravathi,26.0,39.0,26.0,1.0,2020.0
919,Kundgol,33.0,56.0,42.0,14.0,2020.0
920,Kudligi,37.0,37.0,37.0,3.0,2018.0
921,Theerthalli,33.0,56.0,42.0,14.0,2018.0
922,Mudigere,38.0,67.0,38.0,3.0,2016.0
923,Mudigere,26.0,39.0,26.0,1.0,2017.0
924,Piriyapatna,47.0,33.0,47.0,11.0,2016.0
925,Mudigere,38.0,67.0,38.0,3.0,2016.0
926,chikkmagalur,15.0,48.0,15.0,8.0,2017.0
927,Koppa,47.0,33.0,47.0,11.0,2017.0
928,Kudligi,26.0,39.0,26.0,1.0,2012.0
929,Mudigere,38.0,67.0,38.0,3.0,2016.0
930,Mysore,72.0,48.0,72.0,6.0,2018.0
931,Sorba,26.0,39.0,26.0,1.0,2016.0
932,Sorba,54.0,57.0,48.0,22.0,2018.0
934,Tarikere,68.0,165.0,68.0,21.0,2021.0
935,Sagara,68.0,165.0,68.0,21.0,2013.0
936,Shimoga,29.0,42.0,29.0,6.0,2016.0
937,Siruguppa,68.0,165.0,68.0,21.0,2020.0
938,Beltangdi,29.0,42.0,29.0,6.0,2019.0
939,Theerthalli,33.0,56.0,42.0,14.0,2018.0
940,Mysore,94.0,166.0,165.0,12.0,2014.0
941,Mudigere,37.0,37.0,37.0,3.0,2019.0
942,Navalgund,94.0,166.0,165.0,12.0,2021.0
944,Kundgol,25.0,48.0,37.0,36.0,2019.0
945,Bhadravathi,94.0,166.0,165.0,12.0,2015.0
946,Sandur,64.0,175.0,166.0,43.0,2021.0
947,Bellary,16.0,48.0,16.0,13.0,2013.0
948,Nanjangud,98.0,56.0,53.0,3.0,2018.0
949,Birur,36.0,35.0,65.0,7.0,2014.0
950,Dharwad,40.0,48.0,12.0,78.0,2022.0
951,Mudigere,94.0,166.0,165.0,12.0,2018.0
952,Tarikere,72.0,48.0,72.0,6.0,2016.0
953,Bantval,26.0,39.0,26.0,1.0,2020.0
954,Shimoga,69.0,37.0,69.0,8.0,2015.0
955,Nanjangud,36.0,53.0,39.0,24.0,2019.0
956,Theerthalli,33.0,56.0,42.0,14.0,2018.0
957,Kudligi,15.0,48.0,15.0,8.0,2016.0
958,Hunsur,16.0,48.0,16.0,13.0,2019.0
959,Piriyapatna,69.0,37.0,69.0,8.0,2017.0
960,Sorba,32.0,57.0,57.0,9.0,2021.0
962,Tarikere,49.0,28.0,49.0,7.0,2012.0
963,Sagara,64.0,175.0,166.0,43.0,2018.0
964,Bellary,37.0,37.0,37.0,3.0,2012.0
965,Dharwad,72.0,48.0,72.0,6.0,2013.0
966,Hospet,54.0,57.0,48.0,22.0,2014.0
967,Shivamogga,33.0,34.0,48.0,28.0,2023.0
968,Piriyapatna,33.0,56.0,42.0,14.0,2018.0
969,Birur,47.0,33.0,47.0,11.0,2013.0
970,Shivamogga,33.0,34.0,48.0,28.0,2023.0
971,Bellary,16.0,48.0,16.0,13.0,2013.0
972,Mysore,24.0,46.0,50.0,55.0,2023.0
973,Puttur,15.0,48.0,15.0,8.0,2019.0
974,Sandur,47.0,33.0,47.0,11.0,2019.0
975,Tarikere,68.0,165.0,68.0,21.0,2021.0
976,Tarikere,37.0,37.0,37.0,3.0,2020.0
977,Hubli,16.0,48.0,16.0,13.0,2017.0
980,Kundgol,15.0,48.0,15.0,8.0,2021.0
982,Hunsur,37.0,37.0,37.0,3.0,2014.0
983,Puttur,47.0,33.0,47.0,11.0,2020.0
984,Tarikere,72.0,48.0,72.0,6.0,2016.0
985,Hubli,64.0,175.0,166.0,43.0,2018.0
986,Dharwad,36.0,65.0,33.0,5.0,2021.0
987,Kundgol,47.0,33.0,47.0,11.0,2017.0
988,Siruguppa,47.0,33.0,47.0,11.0,2012.0
990,Bhadravathi,37.0,37.0,37.0,3.0,2016.0
991,Beltangdi,54.0,57.0,48.0,22.0,2012.0
992,Siruguppa,29.0,42.0,29.0,6.0,2017.0
993,Hunsur,25.0,48.0,37.0,36.0,2013.0
994,Dharwad,40.0,48.0,12.0,78.0,2022.0
995,Theerthalli,33.0,56.0,42.0,14.0,2018.0
996,Theerthalli,72.0,48.0,72.0,6.0,2019.0
998,Puttur,36.0,35.0,65.0,7.0,2021.0
999,Bhadravathi,72.0,48.0,72.0,6.0,2017.0
1000,Kadur,69.0,37.0,69.0,8.0,2016.0
1001,Kalghatgi,29.0,42.0,29.0,6.0,2021.0
1002,K R Nagar,29.0,42.0,29.0,6.0,2020.0
1005,Bantval,25.0,48.0,37.0,36.0,2013.0
1006,Shikaripura,36.0,53.0,39.0,24.0,2018.0
1007,Bellary,37.0,37.0,37.0,3.0,2020.0
1008,Kudligi,69.0,37.0,69.0,8.0,2015.0
1009,Tarikere,47.0,33.0,47.0,11.0,2013.0
1010,Mysore,94.0,166.0,165.0,12.0,2014.0
1012,Bantval,94.0,166.0,165.0,12.0,2019.0
1013,Hunsur,37.0,37.0,37.0,3.0,2016.0
1014,Bantval,37.0,37.0,37.0,3.0,2018.0
1015,Bantval,26.0,39.0,26.0,1.0,2020.0
1016,Koppa,47.0,33.0,47.0,11.0,2020.0
1017,Beltangdi,94.0,166.0,165.0,12.0,2016.0
1018,Sagara,46.0,42.0,48.0,70.0,2023.0
1020,Siruguppa,98.0,56.0,53.0,3.0,2013.0
1021,chikkmagalur,26.0,39.0,26.0,1.0,2021.0
1022,Mangalore,37.0,37.0,37.0,3.0,2020.0
1023,K R Nagar,16.0,48.0,16.0,13.0,2017.0
1024,Theerthalli,69.0,37.0,69.0,8.0,2013.0
1025,Shimoga,47.0,33.0,47.0,11.0,2013.0
1026,Bantval,47.0,33.0,47.0,11.0,2021.0
1028,Mangalore,36.0,53.0,39.0,24.0,2015.0
1029,Puttur,36.0,35.0,65.0,7.0,2021.0
1030,Puttur,16.0,48.0,16.0,13.0,2015.0
1031,Hospet,16.0,48.0,16.0,13.0,2015.0
1032,Sagara,15.0,48.0,15.0,8.0,2020.0
1033,Kudligi,33.0,56.0,42.0,14.0,2014.0
1034,Dharwad,54.0,57.0,48.0,22.0,2019.0
1035,Nanjangud,15.0,48.0,15.0,8.0,2014.0
1036,Nanjangud,49.0,28.0,49.0,7.0,2020.0
1039,Tarikere,49.0,28.0,49.0,7.0,2012.0
1040,Sagara,72.0,48.0,72.0,6.0,2015.0
1041,Mysore,72.0,48.0,72.0,6.0,2018.0
1042,Hospet,29.0,42.0,29.0,6.0,2019.0
1043,Kundgol,26.0,39.0,26.0,1.0,2014.0
1044,Hunsur,16.0,48.0,16.0,13.0,2019.0
1045,Shikaripura,98.0,56.0,53.0,3.0,2017.0
1046,Piriyapatna,69.0,37.0,69.0,8.0,2017.0
1047,Kundgol,98.0,56.0,53.0,3.0,2018.0
1048,Beltangdi,54.0,57.0,48.0,22.0,2012.0
1050,Sagara,37.0,37.0,37.0,3.0,2016.0
1052,K R Nagar,29.0,42.0,29.0,6.0,2020.0
1053,Bhadravathi,94.0,166.0,165.0,12.0,2015.0
1054,Mysore,25.0,48.0,37.0,36.0,2019.0
1055,Birur,29.0,42.0,29.0,6.0,2012.0
1056,Hubli,15.0,48.0,15.0,8.0,2013.0
1057,Shimoga,94.0,166.0,165.0,12.0,2020.0
1058,Sagara,64.0,175.0,166.0,43.0,2014.0
1059,Navalgund,47.0,33.0,47.0,11.0,2015.0
1060,Navalgund,72.0,48.0,72.0,6.0,2018.0
1061,Kadur,47.0,33.0,47.0,11.0,2021.0
1062,Siruguppa,25.0,48.0,37.0,36.0,2014.0
1064,Siruguppa,68.0,165.0,68.0,21.0,2020.0
1065,Theerthalli,72.0,48.0,72.0,6.0,2019.0
1066,Kadur,47.0,33.0,47.0,11.0,2021.0
1067,Mudigere,26.0,39.0,26.0,1.0,2020.0
1068,Beltangdi,32.0,57.0,57.0,9.0,2018.0
1069,K R Nagar,29.0,42.0,29.0,6.0,2020.0
1070,Narsipur,69.0,37.0,69.0,8.0,2015.0
1071,Bellary,36.0,35.0,65.0,7.0,2019.0
1074,Bellary,49.0,28.0,49.0,7.0,2017.0
1075,chikkmagalur,72.0,48.0,72.0,6.0,2012.0
1076,Hubli,37.0,37.0,37.0,3.0,2014.0
1077,Beltangdi,29.0,42.0,29.0,6.0,2019.0
1080,Koppa,47.0,33.0,47.0,11.0,2020.0
1081,Koppa,15.0,48.0,15.0,8.0,2018.0
1082,Dharwad,54.0,57.0,48.0,22.0,2012.0
1083,Sagara,37.0,37.0,37.0,3.0,2012.0
1084,Sandur,68.0,165.0,68.0,21.0,2012.0
1085,Hunsur,16.0,48.0,16.0,13.0,2019.0
1087,Sagara,46.0,42.0,48.0,70.0,2022.0
1088,Kadur,47.0,33.0,47.0,11.0,2021.0
1090,Bellary,36.0,65.0,33.0,5.0,2015.0
1092,Koppa,15.0,48.0,15.0,8.0,2018.0
1093,Hunsur,64.0,175.0,166.0,43.0,2018.0
1094,Hospet,69.0,37.0,69.0,8.0,2013.0
1097,Siruguppa,29.0,42.0,29.0,6.0,2017.0
1098,Kundgol,26.0,39.0,26.0,1.0,2014.0
1099,Shimoga,47.0,33.0,47.0,11.0,2013.0
1100,Hospet,54.0,57.0,48.0,22.0,2014.0
1101,Narsipur,94.0,166.0,165.0,12.0,2020.0
1102,Puttur,36.0,35.0,65.0,7.0,2021.0
1105,Sagara,78.0,189.0,175.0,21.0,2021.0
1106,K R Nagar,26.0,39.0,26.0,1.0,2014.0
1107,Kudligi,37.0,37.0,37.0,3.0,2018.0
1109,Kundgol,25.0,48.0,37.0,36.0,2019.0
1110,Mysore,64.0,175.0,166.0,43.0,2013.0
1111,Koppa,36.0,53.0,39.0,24.0,2015.0
1112,Siruguppa,26.0,39.0,26.0,1.0,2019.0
1113,Hospet,94.0,166.0,165.0,12.0,2016.0
1114,Navalgund,26.0,39.0,26.0,1.0,2017.0
1115,Bellary,49.0,28.0,49.0,7.0,2017.0
1116,Shimoga,36.0,35.0,65.0,7.0,2014.0
1117,Kudligi,69.0,37.0,69.0,8.0,2015.0
1118,Shikaripura,98.0,56.0,53.0,3.0,2017.0
1119,Bhadravathi,72.0,48.0,72.0,6.0,2017.0
1120,Hunsur,64.0,175.0,166.0,43.0,2018.0
1121,Birur,37.0,37.0,37.0,3.0,2017.0
1122,Dharwad,72.0,48.0,72.0,6.0,2013.0
1123,Nanjangud,32.0,57.0,57.0,9.0,2012.0
1124,Kundgol,49.0,28.0,49.0,7.0,2013.0
1126,Beltangdi,29.0,42.0,29.0,6.0,2019.0
1127,Navalgund,29.0,42.0,29.0,6.0,2016.0
1128,Piriyapatna,47.0,33.0,47.0,11.0,2014.0
1129,Hospet,94.0,166.0,165.0,12.0,2016.0
1130,Narsipur,72.0,36.0,56.0,16.0,2012.0
1131,Shikaripura,36.0,53.0,39.0,24.0,2018.0
1132,Theerthalli,33.0,56.0,42.0,14.0,2018.0
1133,Bellary,37.0,37.0,37.0,3.0,2012.0
1134,Kundgol,47.0,33.0,47.0,11.0,2017.0
1135,Beltangdi,29.0,42.0,29.0,6.0,2019.0
1136,Sagara,37.0,37.0,37.0,3.0,2012.0
1137,Hubli,32.0,33.0,40.0,56.0,2022.0
1138,chikkmagalur,15.0,48.0,15.0,8.0,2017.0
1139,Hubli,16.0,48.0,16.0,13.0,2017.0
1140,Beltangdi,29.0,42.0,29.0,6.0,2019.0
1141,Tarikere,72.0,48.0,72.0,6.0,2016.0
1142,K R Nagar,29.0,42.0,29.0,6.0,2020.0
1143,Sandur,38.0,67.0,38.0,3.0,2016.0
1144,Hubli,37.0,37.0,37.0,3.0,2014.0
1145,Piriyapatna,69.0,37.0,69.0,8.0,2017.0
1146,Kundgol,26.0,39.0,26.0,1.0,2014.0
1147,Dharwad,40.0,48.0,12.0,78.0,2023.0
1148,Mudigere,16.0,48.0,16.0,13.0,2021.0
1149,Bhadravathi,54.0,98.0,48.0,18.0,2021.0
1151,Hunsur,37.0,37.0,37.0,3.0,2016.0
1152,Puttur,78.0,189.0,175.0,21.0,2018.0
1153,Bhadravathi,54.0,98.0,48.0,18.0,2021.0
1154,Theerthalli,72.0,36.0,56.0,16.0,2021.0
1155,Beltangdi,26.0,39.0,26.0,1.0,2017.0
1156,Sandur,68.0,165.0,68.0,21.0,2012.0
1157,Hunsur,15.0,48.0,15.0,8.0,2020.0
1158,Sorba,54.0,57.0,48.0,22.0,2014.0
1159,Koppa,69.0,37.0,69.0,8.0,2021.0
1160,Koppa,15.0,48.0,15.0,8.0,2012.0
1161,Bellary,37.0,37.0,37.0,3.0,2020.0
1162,Bengaluru,28.0,36.0,60.0,78.0,2022.0
1163,Sagara,37.0,37.0,37.0,3.0,2012.0
1164,Mangalore,15.0,48.0,15.0,8.0,2017.0
1165,Siruguppa,98.0,56.0,53.0,3.0,2013.0
1166,Kalghatgi,47.0,33.0,47.0,11.0,2014.0
1167,Mysore,37.0,37.0,37.0,3.0,2017.0
1168,chikkmagalur,37.0,37.0,37.0,3.0,2013.0
1169,Hubli,47.0,33.0,47.0,11.0,2016.0
1171,Mysore,72.0,48.0,72.0,6.0,2018.0
1172,Kudligi,15.0,48.0,15.0,8.0,2017.0
1173,Mudigere,94.0,166.0,165.0,12.0,2012.0
1175,Siruguppa,68.0,165.0,68.0,21.0,2020.0
1176,Birur,36.0,35.0,65.0,7.0,2014.0
1177,Kundgol,25.0,48.0,37.0,36.0,2012.0
1178,Siruguppa,29.0,42.0,29.0,6.0,2017.0
1179,Piriyapatna,33.0,56.0,42.0,14.0,2018.0
1180,Kudligi,69.0,37.0,69.0,8.0,2015.0
1181,Theerthalli,47.0,33.0,47.0,11.0,2016.0
1182,Piriyapatna,72.0,48.0,72.0,6.0,2019.0
1184,Koppa,49.0,28.0,49.0,7.0,2016.0
1186,Hubli,47.0,33.0,47.0,11.0,2015.0
1187,Shimoga,94.0,166.0,165.0,12.0,2020.0
1188,Bengaluru,28.0,36.0,60.0,78.0,2023.0
1189,Mangalore,36.0,53.0,39.0,24.0,2015.0
1190,Narsipur,29.0,42.0,29.0,6.0,2014.0
1191,Kudligi,47.0,33.0,47.0,11.0,2020.0
1192,Kundgol,33.0,56.0,42.0,14.0,2020.0
1193,Siruguppa,47.0,33.0,47.0,11.0,2012.0
1194,Sagara,72.0,48.0,72.0,6.0,2015.0
1195,Hubli,16.0,48.0,16.0,13.0,2017.0
1196,Hubli,47.0,33.0,47.0,11.0,2015.0
1197,Mangalore,47.0,33.0,47.0,11.0,2018.0
1198,Kundgol,15.0,48.0,15.0,8.0,2021.0
1199,Puttur,64.0,175.0,166.0,43.0,2012.0
1200,Shikaripura,98.0,56.0,53.0,3.0,2021.0
1201,Sorba,38.0,67.0,38.0,3.0,2015.0
1202,Kalghatgi,25.0,48.0,37.0,36.0,2020.0
1203,Kundgol,49.0,28.0,49.0,7.0,2013.0
1204,Navalgund,37.0,37.0,37.0,3.0,2014.0
1205,Siruguppa,72.0,48.0,72.0,6.0,2015.0
1206,Sagara,37.0,37.0,37.0,3.0,2012.0
1207,Sagara,15.0,48.0,15.0,8.0,2020.0
1209,K R Nagar,36.0,53.0,39.0,24.0,2013.0
1210,Beltangdi,25.0,48.0,37.0,36.0,2014.0
1211,Hubli,36.0,53.0,39.0,24.0,2020.0
1212,Mangalore,72.0,48.0,72.0,6.0,2016.0
1213,chikkmagalur,15.0,48.0,15.0,8.0,2017.0
1214,Mysore,94.0,166.0,165.0,12.0,2014.0
1215,K R Nagar,29.0,42.0,29.0,6.0,2020.0
1216,Kadur,32.0,57.0,57.0,9.0,2018.0
1217,Bantval,54.0,57.0,48.0,22.0,2014.0
1218,Siruguppa,36.0,35.0,65.0,7.0,2021.0
1219,Piriyapatna,36.0,35.0,65.0,7.0,2012.0
1220,Narsipur,94.0,166.0,165.0,12.0,2020.0
1221,Piriyapatna,47.0,33.0,47.0,11.0,2014.0
1223,Puttur,78.0,189.0,175.0,21.0,2018.0
1224,Koppa,15.0,48.0,15.0,8.0,2018.0
1225,Puttur,78.0,189.0,175.0,21.0,2018.0
1226,Siruguppa,29.0,42.0,29.0,6.0,2016.0
1227,Sorba,16.0,48.0,16.0,13.0,2013.0
1229,Hunsur,68.0,165.0,68.0,21.0,2017.0
1230,Sandur,36.0,35.0,65.0,7.0,2013.0
1231,K R Nagar,29.0,42.0,29.0,6.0,2020.0
1232,Shikaripura,16.0,48.0,16.0,13.0,2014.0
1233,Mudigere,72.0,48.0,72.0,6.0,2014.0
1234,Bantval,25.0,48.0,37.0,36.0,2013.0
1235,Birur,94.0,166.0,165.0,12.0,2016.0
1237,Nanjangud,15.0,48.0,15.0,8.0,2014.0
1238,Kadur,69.0,37.0,69.0,8.0,2016.0
1239,Bantval,25.0,48.0,37.0,36.0,2013.0
1242,Mysore,38.0,67.0,38.0,3.0,2020.0
1243,Birur,72.0,48.0,72.0,6.0,2021.0
1244,Tarikere,72.0,48.0,72.0,6.0,2016.0
1245,Nanjangud,36.0,53.0,39.0,24.0,2019.0
1247,Sorba,32.0,57.0,57.0,9.0,2021.0
1248,Birur,94.0,166.0,165.0,12.0,2016.0
1249,Sagara,78.0,189.0,175.0,21.0,2021.0
1251,Shikaripura,98.0,56.0,53.0,3.0,2021.0
1252,Sagara,16.0,48.0,16.0,13.0,2019.0
1253,Theerthalli,33.0,56.0,42.0,14.0,2014.0
1255,Shimoga,47.0,33.0,47.0,11.0,2017.0
1256,Bantval,29.0,42.0,29.0,6.0,2017.0
1257,Nanjangud,54.0,57.0,48.0,22.0,2013.0
1258,Mysore,94.0,166.0,165.0,12.0,2016.0
1259,Theerthalli,72.0,36.0,56.0,16.0,2021.0
1260,Birur,37.0,37.0,37.0,3.0,2017.0
1261,Piriyapatna,36.0,35.0,65.0,7.0,2012.0
1263,Kundgol,47.0,33.0,47.0,11.0,2017.0
1264,Mudigere,37.0,37.0,37.0,3.0,2019.0
1265,Birur,36.0,35.0,65.0,7.0,2014.0
1266,Shikaripura,26.0,39.0,26.0,1.0,2016.0
1267,Hubli,37.0,37.0,37.0,3.0,2014.0
1268,Hospet,94.0,166.0,165.0,12.0,2017.0
1270,Kundgol,49.0,28.0,49.0,7.0,2013.0
1271,Tarikere,68.0,165.0,68.0,21.0,2021.0
1272,Siruguppa,25.0,48.0,37.0,36.0,2014.0
1273,Hospet,29.0,42.0,29.0,6.0,2019.0
1276,Birur,29.0,42.0,29.0,6.0,2012.0
1277,Siruguppa,26.0,39.0,26.0,1.0,2019.0
1279,Puttur,16.0,48.0,16.0,13.0,2013.0
1280,Mangalore,47.0,33.0,47.0,11.0,2018.0
1281,Sorba,16.0,48.0,16.0,13.0,2013.0
1282,Birur,36.0,35.0,65.0,7.0,2014.0
1283,Kalghatgi,36.0,35.0,65.0,7.0,2018.0
1284,Narsipur,29.0,42.0,29.0,6.0,2014.0
1285,Narsipur,69.0,37.0,69.0,8.0,2015.0
1286,Kundgol,26.0,39.0,26.0,1.0,2014.0
1287,Mangalore,37.0,37.0,37.0,3.0,2020.0
1289,Mysore,24.0,46.0,50.0,55.0,2022.0
1290,Shikaripura,98.0,56.0,53.0,3.0,2013.0
1291,Mangalore,64.0,175.0,166.0,43.0,2014.0
1292,Bhadravathi,94.0,166.0,165.0,12.0,2015.0
1293,K R Nagar,29.0,42.0,29.0,6.0,2020.0
1294,Shikaripura,15.0,48.0,15.0,8.0,2015.0
1295,Navalgund,94.0,166.0,165.0,12.0,2021.0
1296,Kalghatgi,16.0,48.0,16.0,13.0,2019.0
1298,chikkmagalur,37.0,37.0,37.0,3.0,2019.0
1299,Dharwad,40.0,48.0,12.0,78.0,2023.0
1300,chikkmagalur,64.0,175.0,166.0,43.0,2015.0
1301,Kalghatgi,16.0,48.0,16.0,13.0,2012.0
1302,Mysore,38.0,67.0,38.0,3.0,2020.0
1303,Tarikere,33.0,56.0,42.0,14.0,2015.0
1304,Narsipur,36.0,35.0,65.0,7.0,2018.0
1305,Bantval,26.0,39.0,26.0,1.0,2020.0
1306,Nanjangud,36.0,53.0,39.0,24.0,2019.0
1307,Bellary,36.0,65.0,33.0,5.0,2015.0
1308,Narsipur,94.0,166.0,165.0,12.0,2020.0
1309,Kalghatgi,36.0,35.0,65.0,7.0,2018.0
1310,chikkmagalur,72.0,48.0,72.0,6.0,2012.0
1311,Kudligi,15.0,48.0,15.0,8.0,2016.0
1312,Koppa,15.0,48.0,15.0,8.0,2018.0
1313,Nanjangud,54.0,57.0,48.0,22.0,2013.0
1314,Narsipur,72.0,36.0,56.0,16.0,2012.0
1316,Hubli,36.0,53.0,39.0,24.0,2020.0
1317,Kundgol,98.0,56.0,53.0,3.0,2018.0
1318,Siruguppa,29.0,42.0,29.0,6.0,2016.0
1319,Mudigere,16.0,48.0,16.0,13.0,2021.0
1320,Siruguppa,72.0,48.0,72.0,6.0,2015.0
1321,Kundgol,15.0,48.0,15.0,8.0,2021.0
1322,Mudigere,72.0,48.0,72.0,6.0,2014.0
1323,Sagara,64.0,175.0,166.0,43.0,2014.0
1325,Siruguppa,26.0,39.0,26.0,1.0,2018.0
1326,Piriyapatna,37.0,37.0,37.0,3.0,2020.0
1327,Birur,37.0,37.0,37.0,3.0,2020.0
1328,Puttur,15.0,48.0,15.0,8.0,2019.0
1329,Sandur,37.0,37.0,37.0,3.0,2017.0
1331,Tarikere,37.0,37.0,37.0,3.0,2020.0
1332,Hospet,26.0,39.0,26.0,1.0,2012.0
1333,Hubli,32.0,33.0,40.0,56.0,2022.0
1334,Hospet,54.0,57.0,48.0,22.0,2014.0
1335,Kundgol,33.0,56.0,42.0,14.0,2020.0
1336,Shikaripura,26.0,39.0,26.0,1.0,2016.0
1337,Birur,72.0,48.0,72.0,6.0,2021.0
1338,Kundgol,37.0,37.0,37.0,3.0,2016.0
1339,Kundgol,37.0,37.0,37.0,3.0,2015.0
1340,K R Nagar,47.0,33.0,47.0,11.0,2021.0
1341,Piriyapatna,36.0,65.0,33.0,5.0,2013.0
1342,Mudigere,26.0,39.0,26.0,1.0,2017.0
1344,Bellary,26.0,39.0,26.0,1.0,2018.0
1345,Sorba,54.0,57.0,48.0,22.0,2014.0
1346,Mangalore,26.0,39.0,26.0,1.0,2021.0
1347,Shikaripura,47.0,33.0,47.0,11.0,2020.0
1349,Mudigere,37.0,37.0,37.0,3.0,2013.0
1350,K R Nagar,26.0,39.0,26.0,1.0,2016.0
1351,Bellary,49.0,28.0,49.0,7.0,2016.0
1352,Hospet,16.0,48.0,16.0,13.0,2015.0
1354,Narsipur,37.0,37.0,37.0,3.0,2021.0
1355,Shikaripura,98.0,56.0,53.0,3.0,2021.0
1356,Dharwad,64.0,175.0,166.0,43.0,2020.0
1357,Kudligi,37.0,37.0,37.0,3.0,2019.0
1358,Beltangdi,54.0,57.0,48.0,22.0,2012.0
1360,Sandur,47.0,33.0,47.0,11.0,2019.0
1361,Theerthalli,47.0,33.0,47.0,11.0,2012.0
1362,Hospet,94.0,166.0,165.0,12.0,2016.0
1363,Shivamogga,33.0,34.0,48.0,28.0,2023.0
1365,Puttur,78.0,189.0,175.0,21.0,2018.0
1366,Dharwad,54.0,57.0,48.0,22.0,2012.0
1368,chikkmagalur,16.0,48.0,16.0,13.0,2016.0
1369,Puttur,33.0,56.0,42.0,14.0,2014.0
1370,Bellary,36.0,35.0,65.0,7.0,2019.0
1371,Shimoga,69.0,37.0,69.0,8.0,2015.0
1373,chikkmagalur,72.0,48.0,72.0,6.0,2012.0
1374,Navalgund,72.0,48.0,72.0,6.0,2018.0
1375,Shimoga,94.0,166.0,165.0,12.0,2020.0
1376,Birur,94.0,166.0,165.0,12.0,2016.0
1380,Hubli,37.0,37.0,37.0,3.0,2014.0
1381,Theerthalli,49.0,28.0,49.0,7.0,2015.0
1382,Sorba,54.0,57.0,48.0,22.0,2014.0
1383,K R Nagar,54.0,57.0,48.0,22.0,2018.0
1384,Sagara,16.0,48.0,16.0,13.0,2019.0
1385,Narsipur,69.0,37.0,69.0,8.0,2015.0
1386,K R Nagar,69.0,37.0,69.0,8.0,2019.0
1387,Bhadravathi,25.0,48.0,37.0,36.0,2014.0
1388,Sagara,46.0,42.0,48.0,70.0,2022.0
1389,Koppa,26.0,39.0,26.0,1.0,2013.0
1391,Bantval,36.0,35.0,65.0,7.0,2012.0
1392,Bhadravathi,54.0,98.0,48.0,18.0,2021.0
1393,Bhadravathi,37.0,37.0,37.0,3.0,2012.0
1395,Narsipur,36.0,65.0,33.0,5.0,2019.0
1396,Dharwad,29.0,42.0,29.0,6.0,2014.0
1397,Bhadravathi,54.0,98.0,48.0,18.0,2021.0
1398,Navalgund,47.0,33.0,47.0,11.0,2015.0
1399,Beltangdi,69.0,37.0,69.0,8.0,2013.0
1400,Hospet,16.0,48.0,16.0,13.0,2015.0
1401,Sandur,36.0,53.0,39.0,24.0,2014.0
1402,Nanjangud,26.0,39.0,26.0,1.0,2017.0
1403,Navalgund,33.0,56.0,42.0,14.0,2019.0
1404,Puttur,36.0,35.0,65.0,7.0,2021.0
1405,Shikaripura,26.0,39.0,26.0,1.0,2016.0
1406,Hospet,69.0,37.0,69.0,8.0,2013.0
1407,Kundgol,98.0,56.0,53.0,3.0,2018.0
1408,Bhadravathi,94.0,166.0,165.0,12.0,2015.0
1409,Kundgol,33.0,56.0,42.0,14.0,2020.0
1410,Puttur,37.0,37.0,37.0,3.0,2017.0
1411,Mangalore,98.0,56.0,53.0,3.0,2012.0
1412,Shimoga,29.0,42.0,29.0,6.0,2012.0
1413,Piriyapatna,47.0,33.0,47.0,11.0,2016.0
1414,Sandur,64.0,175.0,166.0,43.0,2021.0
1415,Shikaripura,49.0,28.0,49.0,7.0,2019.0
1416,Kadur,29.0,42.0,29.0,6.0,2017.0
1417,K R Nagar,47.0,33.0,47.0,11.0,2021.0
1418,Sandur,16.0,48.0,16.0,13.0,2020.0
1419,Siruguppa,26.0,39.0,26.0,1.0,2019.0
1420,Kadur,54.0,57.0,48.0,22.0,2015.0
1421,Beltangdi,37.0,37.0,37.0,3.0,2020.0
1422,K R Nagar,29.0,42.0,29.0,6.0,2020.0
1423,Hunsur,37.0,37.0,37.0,3.0,2016.0
1425,Beltangdi,69.0,37.0,69.0,8.0,2013.0
1426,Sagara,37.0,37.0,37.0,3.0,2012.0
1427,Sagara,16.0,48.0,16.0,13.0,2019.0
1428,Shikaripura,36.0,53.0,39.0,24.0,2018.0
1429,Tarikere,37.0,37.0,37.0,3.0,2017.0
1430,Kadur,47.0,33.0,47.0,11.0,2021.0
1431,Bhadravathi,72.0,48.0,72.0,6.0,2013.0
1432,Sagara,68.0,165.0,68.0,21.0,2017.0
1433,Kalghatgi,26.0,39.0,26.0,1.0,2015.0
1434,Nanjangud,98.0,56.0,53.0,3.0,2018.0
1435,Bantval,36.0,35.0,65.0,7.0,2012.0
1436,Mangalore,26.0,39.0,26.0,1.0,2021.0
1437,Hospet,16.0,48.0,16.0,13.0,2015.0
1438,Sagara,15.0,48.0,15.0,8.0,2020.0
1439,Sandur,36.0,35.0,65.0,7.0,2013.0
1440,K R Nagar,69.0,37.0,69.0,8.0,2019.0
1441,Bellary,16.0,48.0,16.0,13.0,2013.0
1442,Piriyapatna,36.0,65.0,33.0,5.0,2013.0
1443,Kalghatgi,25.0,48.0,37.0,36.0,2020.0
1444,Navalgund,33.0,56.0,42.0,14.0,2012.0
1445,Nanjangud,15.0,48.0,15.0,8.0,2016.0
1446,Tarikere,49.0,28.0,49.0,7.0,2012.0
1448,Mudigere,37.0,37.0,37.0,3.0,2019.0
1449,Kundgol,98.0,56.0,53.0,3.0,2018.0
1450,Mangalore,72.0,36.0,56.0,16.0,2019.0
1451,Hunsur,64.0,175.0,166.0,43.0,2018.0
1452,Bantval,38.0,67.0,38.0,3.0,2016.0
1453,Navalgund,26.0,39.0,26.0,1.0,2017.0
1454,Beltangdi,37.0,37.0,37.0,3.0,2020.0
1455,Shimoga,69.0,37.0,69.0,8.0,2015.0
1456,Tarikere,72.0,48.0,72.0,6.0,2016.0
1457,Sandur,37.0,37.0,37.0,3.0,2017.0
1458,Mysore,37.0,37.0,37.0,3.0,2017.0
1459,Sagara,68.0,165.0,68.0,21.0,2017.0
1461,chikkmagalur,37.0,37.0,37.0,3.0,2013.0
1462,K R Nagar,38.0,67.0,38.0,3.0,2015.0
1464,Mysore,24.0,46.0,50.0,55.0,2022.0
1465,Birur,37.0,37.0,37.0,3.0,2020.0
1467,Sorba,16.0,48.0,16.0,13.0,2013.0
1469,Dharwad,72.0,48.0,72.0,6.0,2013.0
1470,Koppa,15.0,48.0,15.0,8.0,2018.0
1471,Mudigere,94.0,166.0,165.0,12.0,2012.0
1472,Hospet,47.0,33.0,47.0,11.0,2018.0
1473,Sagara,37.0,37.0,37.0,3.0,2012.0
1474,Kadur,54.0,57.0,48.0,22.0,2015.0
1475,Kudligi,26.0,39.0,26.0,1.0,2012.0
1476,Dharwad,69.0,37.0,69.0,8.0,2018.0
1479,Kalghatgi,16.0,48.0,16.0,13.0,2019.0
1481,Sorba,16.0,48.0,16.0,13.0,2013.0
1482,Sagara,46.0,42.0,48.0,70.0,2022.0
1483,Theerthalli,47.0,33.0,47.0,11.0,2012.0
1484,Sorba,26.0,39.0,26.0,1.0,2016.0
1485,Tarikere,37.0,37.0,37.0,3.0,2020.0
1487,Bantval,54.0,57.0,48.0,22.0,2014.0
1488,Kalghatgi,26.0,39.0,26.0,1.0,2015.0
1489,Mysore,94.0,166.0,165.0,12.0,2014.0
1490,Shikaripura,98.0,56.0,53.0,3.0,2021.0
1491,Kalghatgi,26.0,39.0,26.0,1.0,2015.0
1492,Mysore,25.0,48.0,37.0,36.0,2019.0
1493,Birur,94.0,166.0,165.0,12.0,2016.0
1495,Siruguppa,26.0,39.0,26.0,1.0,2018.0
1496,Koppa,15.0,48.0,15.0,8.0,2018.0
1497,Koppa,69.0,37.0,69.0,8.0,2021.0
1498,Birur,47.0,33.0,47.0,11.0,2013.0
1499,Navalgund,33.0,56.0,42.0,14.0,2012.0
1500,Navalgund,26.0,39.0,26.0,1.0,2017.0
1501,Sandur,16.0,48.0,16.0,13.0,2020.0
1502,Sandur,68.0,165.0,68.0,21.0,2012.0
1503,Navalgund,72.0,48.0,72.0,6.0,2018.0
1504,K R Nagar,16.0,48.0,16.0,13.0,2017.0
1505,Tarikere,47.0,33.0,47.0,11.0,2019.0
1506,Shikaripura,98.0,56.0,53.0,3.0,2017.0
1507,Sorba,54.0,57.0,48.0,22.0,2018.0
1508,K R Nagar,26.0,39.0,26.0,1.0,2014.0
1509,Sorba,16.0,48.0,16.0,13.0,2017.0
1510,Mangalore,33.0,56.0,42.0,14.0,2013.0
1511,Dharwad,36.0,65.0,33.0,5.0,2021.0
1512,Narsipur,47.0,33.0,47.0,11.0,2017.0
1513,Mangalore,26.0,39.0,26.0,1.0,2021.0
1515,Bhadravathi,38.0,67.0,38.0,3.0,2019.0
1516,Birur,36.0,35.0,65.0,7.0,2014.0
1517,Koppa,98.0,56.0,53.0,3.0,2014.0
1519,Tarikere,37.0,37.0,37.0,3.0,2020.0
1520,K R Nagar,69.0,37.0,69.0,8.0,2019.0
1521,Dharwad,40.0,48.0,12.0,78.0,2022.0
1522,Narsipur,69.0,37.0,69.0,8.0,2015.0
1524,Sagara,68.0,165.0,68.0,21.0,2017.0
1525,Hospet,16.0,48.0,16.0,13.0,2015.0
1526,Puttur,49.0,28.0,49.0,7.0,2016.0
1527,Nanjangud,47.0,33.0,47.0,11.0,2021.0
1528,Kudligi,98.0,56.0,53.0,3.0,2021.0
1530,Sandur,47.0,33.0,47.0,11.0,2019.0
1531,Sagara,64.0,175.0,166.0,43.0,2014.0
1532,Kalghatgi,68.0,165.0,68.0,21.0,2017.0
1533,Hospet,47.0,33.0,47.0,11.0,2018.0
1534,Beltangdi,54.0,57.0,48.0,22.0,2012.0
1535,Bhadravathi,25.0,48.0,37.0,36.0,2018.0
1536,Hubli,16.0,48.0,16.0,13.0,2017.0
1538,K R Nagar,36.0,53.0,39.0,24.0,2013.0
1539,Shivamogga,33.0,34.0,48.0,28.0,2022.0
1540,Navalgund,33.0,56.0,42.0,14.0,2012.0
1542,Bellary,16.0,48.0,16.0,13.0,2013.0
1543,Mysore,37.0,37.0,37.0,3.0,2017.0
1544,Bhadravathi,37.0,37.0,37.0,3.0,2016.0
1545,Kalghatgi,26.0,39.0,26.0,1.0,2016.0
1546,Narsipur,69.0,37.0,69.0,8.0,2015.0
1547,Tarikere,37.0,37.0,37.0,3.0,2020.0
1548,Shikaripura,98.0,56.0,53.0,3.0,2021.0
1549,Shikaripura,98.0,56.0,53.0,3.0,2021.0
1550,Hospet,94.0,166.0,165.0,12.0,2017.0
1551,Hubli,37.0,37.0,37.0,3.0,2021.0
1552,Nanjangud,15.0,48.0,15.0,8.0,2016.0
1553,Hospet,47.0,33.0,47.0,11.0,2018.0
1554,Shivamogga,33.0,34.0,48.0,28.0,2022.0
1556,Narsipur,69.0,37.0,69.0,8.0,2015.0
1557,Birur,47.0,33.0,47.0,11.0,2013.0
1558,Theerthalli,33.0,56.0,42.0,14.0,2014.0
1559,chikkmagalur,36.0,35.0,65.0,7.0,2020.0
1560,Nanjangud,36.0,53.0,39.0,24.0,2019.0
1561,Sagara,68.0,165.0,68.0,21.0,2017.0
1562,Theerthalli,37.0,37.0,37.0,3.0,2020.0
1563,Mudigere,16.0,48.0,16.0,13.0,2021.0
1564,Beltangdi,69.0,37.0,69.0,8.0,2015.0
1565,Kundgol,49.0,28.0,49.0,7.0,2013.0
1566,Sorba,38.0,67.0,38.0,3.0,2015.0
1567,Kudligi,98.0,56.0,53.0,3.0,2021.0
1568,Navalgund,72.0,48.0,72.0,6.0,2018.0
1569,Bellary,16.0,48.0,16.0,13.0,2013.0
1570,Narsipur,69.0,37.0,69.0,8.0,2015.0
1571,Hunsur,72.0,48.0,72.0,6.0,2015.0
1572,Shimoga,36.0,35.0,65.0,7.0,2018.0
1573,Beltangdi,69.0,37.0,69.0,8.0,2013.0
1574,Puttur,78.0,189.0,175.0,21.0,2018.0
1575,Sorba,54.0,57.0,48.0,22.0,2014.0
1576,Puttur,64.0,175.0,166.0,43.0,2012.0
1578,Theerthalli,47.0,33.0,47.0,11.0,2012.0
1579,Birur,72.0,48.0,72.0,6.0,2021.0
1580,Hospet,94.0,166.0,165.0,12.0,2017.0
1581,Sagara,78.0,189.0,175.0,21.0,2021.0
1582,Hubli,47.0,33.0,47.0,11.0,2016.0
1583,Bhadravathi,37.0,37.0,37.0,3.0,2016.0
1585,Sandur,47.0,33.0,47.0,11.0,2019.0
1586,Beltangdi,29.0,42.0,29.0,6.0,2021.0
1587,Narsipur,94.0,166.0,165.0,12.0,2020.0
1588,Sandur,36.0,35.0,65.0,7.0,2013.0
1589,chikkmagalur,37.0,37.0,37.0,3.0,2019.0
1590,Hunsur,54.0,98.0,48.0,18.0,2012.0
1591,chikkmagalur,15.0,48.0,15.0,8.0,2017.0
1592,Hunsur,15.0,48.0,15.0,8.0,2020.0
1593,Piriyapatna,72.0,48.0,72.0,6.0,2019.0
1594,Sagara,64.0,175.0,166.0,43.0,2018.0
1595,Mangalore,72.0,36.0,56.0,16.0,2019.0
1596,Mysore,78.0,189.0,175.0,21.0,2012.0
1597,chikkmagalur,78.0,189.0,175.0,21.0,2018.0
1598,Mudigere,37.0,37.0,37.0,3.0,2013.0
1599,Birur,47.0,33.0,47.0,11.0,2013.0
1600,Theerthalli,49.0,28.0,49.0,7.0,2015.0
1601,Mangalore,26.0,39.0,26.0,1.0,2021.0
1602,Birur,94.0,166.0,165.0,12.0,2016.0
1603,Koppa,26.0,39.0,26.0,1.0,2019.0
1605,Shikaripura,47.0,33.0,47.0,11.0,2020.0
1606,Sandur,64.0,175.0,166.0,43.0,2021.0
1607,Nanjangud,54.0,57.0,48.0,22.0,2013.0
1608,Mysore,24.0,46.0,50.0,55.0,2022.0
1609,Sorba,29.0,42.0,29.0,6.0,2020.0
1610,Sagara,37.0,37.0,37.0,3.0,2016.0
1611,Kudligi,47.0,33.0,47.0,11.0,2020.0
1612,Bhadravathi,25.0,48.0,37.0,36.0,2014.0
1613,Sandur,38.0,67.0,38.0,3.0,2015.0
1614,Kadur,47.0,33.0,47.0,11.0,2021.0
1615,Kadur,69.0,37.0,69.0,8.0,2016.0
1617,Kudligi,15.0,48.0,15.0,8.0,2017.0
1618,Kalghatgi,94.0,166.0,165.0,12.0,2013.0
1619,Kundgol,37.0,37.0,37.0,3.0,2016.0
1620,Mudigere,94.0,166.0,165.0,12.0,2018.0
1621,Mangalore,72.0,36.0,56.0,16.0,2019.0
1622,Navalgund,33.0,56.0,42.0,14.0,2012.0
1623,Tarikere,68.0,165.0,68.0,21.0,2021.0
1624,chikkmagalur,15.0,48.0,15.0,8.0,2017.0
1625,Hospet,47.0,33.0,47.0,11.0,2018.0
1626,Theerthalli,72.0,48.0,72.0,6.0,2019.0
1628,Tarikere,69.0,37.0,69.0,8.0,2014.0
1629,Navalgund,94.0,166.0,165.0,12.0,2021.0
1630,Shikaripura,26.0,39.0,26.0,1.0,2012.0
1632,Narsipur,29.0,42.0,29.0,6.0,2014.0
1633,Shimoga,69.0,37.0,69.0,8.0,2015.0
1634,Sagara,37.0,37.0,37.0,3.0,2016.0
1635,Navalgund,37.0,37.0,37.0,3.0,2014.0
1636,Sagara,37.0,37.0,37.0,3.0,2012.0
1639,Hunsur,25.0,48.0,37.0,36.0,2013.0
1640,Bantval,37.0,37.0,37.0,3.0,2018.0
1641,Koppa,36.0,53.0,39.0,24.0,2015.0
1642,Birur,29.0,42.0,29.0,6.0,2012.0
1643,Piriyapatna,72.0,48.0,72.0,6.0,2019.0
1644,Siruguppa,26.0,39.0,26.0,1.0,2019.0
1645,Hunsur,15.0,48.0,15.0,8.0,2020.0
1647,Bellary,64.0,175.0,166.0,43.0,2014.0
1649,Birur,36.0,65.0,33.0,5.0,2015.0
1650,Hubli,32.0,33.0,40.0,56.0,2022.0
1651,Nanjangud,54.0,57.0,48.0,22.0,2013.0
1652,Narsipur,36.0,35.0,65.0,7.0,2018.0
1653,Dharwad,40.0,48.0,12.0,78.0,2022.0
1654,Hunsur,25.0,48.0,37.0,36.0,2013.0
1655,Tarikere,37.0,37.0,37.0,3.0,2017.0
1656,Bantval,54.0,57.0,48.0,22.0,2014.0
1657,Mudigere,72.0,48.0,72.0,6.0,2014.0
1658,Shimoga,37.0,37.0,37.0,3.0,2021.0
1659,Birur,29.0,42.0,29.0,6.0,2018.0
1660,Narsipur,29.0,42.0,29.0,6.0,2016.0
1662,Dharwad,40.0,48.0,12.0,78.0,2023.0
1663,Sorba,16.0,48.0,16.0,13.0,2013.0
1664,Mangalore,72.0,36.0,56.0,16.0,2019.0
1665,Narsipur,69.0,37.0,69.0,8.0,2015.0
1667,Sagara,78.0,189.0,175.0,21.0,2021.0
1668,Dharwad,54.0,57.0,48.0,22.0,2019.0
1669,Birur,36.0,65.0,33.0,5.0,2015.0
1670,Hubli,69.0,37.0,69.0,8.0,2019.0
1671,Kadur,26.0,39.0,26.0,1.0,2019.0
1672,Hunsur,37.0,37.0,37.0,3.0,2016.0
1673,Dharwad,72.0,48.0,72.0,6.0,2013.0
1674,Beltangdi,69.0,37.0,69.0,8.0,2013.0
1676,Nanjangud,15.0,48.0,15.0,8.0,2014.0
1677,Bantval,38.0,67.0,38.0,3.0,2016.0
1678,K R Nagar,26.0,39.0,26.0,1.0,2014.0
1679,Bhadravathi,54.0,98.0,48.0,18.0,2021.0
1680,Sandur,36.0,53.0,39.0,24.0,2014.0
1681,K R Nagar,29.0,42.0,29.0,6.0,2020.0
1682,Mysore,24.0,46.0,50.0,55.0,2023.0
1683,Shimoga,36.0,65.0,33.0,5.0,2019.0
1684,Sorba,32.0,57.0,57.0,9.0,2021.0
1686,Kundgol,26.0,39.0,26.0,1.0,2014.0
1687,Birur,36.0,65.0,33.0,5.0,2015.0
1688,chikkmagalur,37.0,37.0,37.0,3.0,2013.0
1689,Beltangdi,26.0,39.0,26.0,1.0,2017.0
1690,Hospet,94.0,166.0,165.0,12.0,2017.0
1692,Mangalore,47.0,33.0,47.0,11.0,2018.0
1693,Piriyapatna,47.0,33.0,47.0,11.0,2014.0
1694,Kalghatgi,16.0,48.0,16.0,13.0,2019.0
1695,Narsipur,29.0,42.0,29.0,6.0,2016.0
1696,Kudligi,33.0,56.0,42.0,14.0,2014.0
1697,Nanjangud,15.0,48.0,15.0,8.0,2016.0
1698,Shimoga,36.0,35.0,65.0,7.0,2018.0
1699,Siruguppa,72.0,48.0,72.0,6.0,2015.0
1701,Bhadravathi,54.0,98.0,48.0,18.0,2021.0
1702,Kalghatgi,16.0,48.0,16.0,13.0,2012.0
1703,Dharwad,37.0,37.0,37.0,3.0,2017.0
1704,Kudligi,15.0,48.0,15.0,8.0,2016.0
1705,Kundgol,25.0,48.0,37.0,36.0,2012.0
1706,Bantval,25.0,48.0,37.0,36.0,2013.0
1707,Bantval,47.0,33.0,47.0,11.0,2021.0
1708,Kudligi,69.0,37.0,69.0,8.0,2015.0
1709,Tarikere,47.0,33.0,47.0,11.0,2019.0
1710,Piriyapatna,33.0,56.0,42.0,14.0,2018.0
1711,Tarikere,72.0,36.0,56.0,16.0,2018.0
1712,Dharwad,64.0,175.0,166.0,43.0,2020.0
1713,Hospet,29.0,42.0,29.0,6.0,2019.0
1715,Dharwad,54.0,57.0,48.0,22.0,2012.0
1716,Nanjangud,49.0,28.0,49.0,7.0,2020.0
1717,Shikaripura,47.0,33.0,47.0,11.0,2020.0
1718,Nanjangud,49.0,28.0,49.0,7.0,2020.0
1719,Mudigere,37.0,37.0,37.0,3.0,2019.0
1720,Birur,29.0,42.0,29.0,6.0,2012.0
1722,Dharwad,29.0,42.0,29.0,6.0,2014.0
1723,Hunsur,37.0,37.0,37.0,3.0,2016.0
1724,Hunsur,26.0,39.0,26.0,1.0,2021.0
1725,Narsipur,47.0,33.0,47.0,11.0,2017.0
1726,Kundgol,33.0,56.0,42.0,14.0,2020.0
1727,Mangalore,72.0,48.0,72.0,6.0,2016.0
1728,chikkmagalur,16.0,48.0,16.0,13.0,2016.0
1729,Narsipur,36.0,65.0,33.0,5.0,2019.0
1730,Hospet,72.0,48.0,72.0,6.0,2021.0
1731,Navalgund,26.0,39.0,26.0,1.0,2017.0
1732,Shikaripura,26.0,39.0,26.0,1.0,2016.0
1733,Beltangdi,26.0,39.0,26.0,1.0,2017.0
1734,Koppa,47.0,33.0,47.0,11.0,2017.0
1735,Birur,29.0,42.0,29.0,6.0,2012.0
1736,Mangalore,98.0,56.0,53.0,3.0,2012.0
1738,Beltangdi,29.0,42.0,29.0,6.0,2021.0
1739,Kadur,32.0,57.0,57.0,9.0,2018.0
1740,Nanjangud,16.0,48.0,16.0,13.0,2015.0
1741,Narsipur,33.0,56.0,42.0,14.0,2013.0
1742,Sagara,46.0,42.0,48.0,70.0,2022.0
1743,Hospet,69.0,37.0,69.0,8.0,2013.0
1744,Theerthalli,69.0,37.0,69.0,8.0,2017.0
1745,Theerthalli,72.0,36.0,56.0,16.0,2021.0
1746,Bantval,29.0,42.0,29.0,6.0,2017.0
1747,Sagara,68.0,165.0,68.0,21.0,2017.0
1748,Bellary,49.0,28.0,49.0,7.0,2016.0
1749,Sagara,46.0,42.0,48.0,70.0,2023.0
1751,Mudigere,72.0,48.0,72.0,6.0,2014.0
1752,Shimoga,69.0,37.0,69.0,8.0,2015.0
1754,Dharwad,64.0,175.0,166.0,43.0,2020.0
1755,Kundgol,47.0,33.0,47.0,11.0,2017.0
1756,Kundgol,37.0,37.0,37.0,3.0,2015.0
1757,Shimoga,37.0,37.0,37.0,3.0,2021.0
1758,Kundgol,26.0,39.0,26.0,1.0,2014.0
1759,Navalgund,47.0,33.0,47.0,11.0,2015.0
1760,Bhadravathi,54.0,98.0,48.0,18.0,2021.0
1761,chikkmagalur,78.0,189.0,175.0,21.0,2018.0
1763,Shimoga,36.0,35.0,65.0,7.0,2014.0
1764,Bantval,94.0,166.0,165.0,12.0,2019.0
1765,Shimoga,37.0,37.0,37.0,3.0,2021.0
1766,Hunsur,68.0,165.0,68.0,21.0,2017.0
1767,Kundgol,26.0,39.0,26.0,1.0,2014.0
1768,Koppa,69.0,37.0,69.0,8.0,2021.0
1769,Kudligi,72.0,48.0,72.0,6.0,2013.0
1770,Sagara,46.0,42.0,48.0,70.0,2022.0
1771,Sagara,64.0,175.0,166.0,43.0,2014.0
1772,Sagara,46.0,42.0,48.0,70.0,2022.0
1774,Bellary,37.0,37.0,37.0,3.0,2012.0
1777,Mangalore,37.0,37.0,37.0,3.0,2020.0
1778,Bantval,94.0,166.0,165.0,12.0,2019.0
1779,Kundgol,49.0,28.0,49.0,7.0,2013.0
1781,Hunsur,37.0,37.0,37.0,3.0,2016.0
1782,Shimoga,37.0,37.0,37.0,3.0,2021.0
1783,Koppa,26.0,39.0,26.0,1.0,2013.0
1784,Tarikere,47.0,33.0,47.0,11.0,2013.0
1785,Tarikere,72.0,48.0,72.0,6.0,2016.0
1786,Nanjangud,98.0,56.0,53.0,3.0,2018.0
1787,Hunsur,26.0,39.0,26.0,1.0,2021.0
1788,Sagara,64.0,175.0,166.0,43.0,2014.0
1789,Siruguppa,68.0,165.0,68.0,21.0,2020.0
1790,Koppa,47.0,33.0,47.0,11.0,2020.0
1791,Hubli,69.0,37.0,69.0,8.0,2012.0
1792,Sandur,47.0,33.0,47.0,11.0,2018.0
1793,chikkmagalur,64.0,175.0,166.0,43.0,2015.0
1794,Kudligi,26.0,39.0,26.0,1.0,2012.0
1795,Navalgund,47.0,33.0,47.0,11.0,2015.0
1796,Sagara,72.0,48.0,72.0,6.0,2015.0
1797,Birur,72.0,48.0,72.0,6.0,2021.0
1798,Beltangdi,29.0,42.0,29.0,6.0,2019.0
1799,Shikaripura,26.0,39.0,26.0,1.0,2016.0
1800,Kadur,16.0,48.0,16.0,13.0,2014.0
1801,Dharwad,40.0,48.0,12.0,78.0,2022.0
1802,chikkmagalur,37.0,37.0,37.0,3.0,2013.0
1803,Hunsur,72.0,48.0,72.0,6.0,2015.0
1804,Beltangdi,29.0,42.0,29.0,6.0,2019.0
1805,Nanjangud,49.0,28.0,49.0,7.0,2020.0
1806,Theerthalli,49.0,28.0,49.0,7.0,2015.0
1807,Hospet,69.0,37.0,69.0,8.0,2013.0
1808,Mangalore,47.0,33.0,47.0,11.0,2018.0
1809,Narsipur,29.0,42.0,29.0,6.0,2014.0
1810,Hubli,32.0,33.0,40.0,56.0,2023.0
1811,Sandur,38.0,67.0,38.0,3.0,2016.0
1812,Nanjangud,15.0,48.0,15.0,8.0,2014.0
1813,Navalgund,72.0,48.0,72.0,6.0,2018.0
1814,Bantval,38.0,67.0,38.0,3.0,2016.0
1815,K R Nagar,16.0,48.0,16.0,13.0,2017.0
1816,Sagara,68.0,165.0,68.0,21.0,2017.0
1817,Bellary,16.0,48.0,16.0,13.0,2013.0
1818,Tarikere,72.0,36.0,56.0,16.0,2018.0
1819,Theerthalli,49.0,28.0,49.0,7.0,2015.0
1820,Bhadravathi,72.0,48.0,72.0,6.0,2017.0
1822,Theerthalli,47.0,33.0,47.0,11.0,2012.0
1823,chikkmagalur,68.0,165.0,68.0,21.0,2014.0
1824,Shivamogga,33.0,34.0,48.0,28.0,2022.0
1825,Mysore,24.0,46.0,50.0,55.0,2023.0
1826,Mangalore,47.0,33.0,47.0,11.0,2018.0
1827,Dharwad,36.0,35.0,65.0,7.0,2016.0
1828,chikkmagalur,78.0,189.0,175.0,21.0,2018.0
1829,Bellary,37.0,37.0,37.0,3.0,2012.0
1830,Birur,37.0,37.0,37.0,3.0,2017.0
1831,Beltangdi,26.0,39.0,26.0,1.0,2017.0
1832,Kalghatgi,26.0,39.0,26.0,1.0,2016.0
1833,Nanjangud,15.0,48.0,15.0,8.0,2014.0
1834,Narsipur,72.0,36.0,56.0,16.0,2012.0
1835,Kalghatgi,94.0,166.0,165.0,12.0,2013.0
1836,Dharwad,72.0,48.0,72.0,6.0,2013.0
1837,Narsipur,72.0,36.0,56.0,16.0,2012.0
1838,Kalghatgi,68.0,165.0,68.0,21.0,2017.0
1839,Puttur,47.0,33.0,47.0,11.0,2020.0
1840,Navalgund,72.0,48.0,72.0,6.0,2018.0
1841,Shimoga,36.0,35.0,65.0,7.0,2018.0
1842,Theerthalli,33.0,56.0,42.0,14.0,2014.0
1843,Shikaripura,47.0,33.0,47.0,11.0,2020.0
1844,Kadur,26.0,39.0,26.0,1.0,2019.0
1846,Sandur,38.0,67.0,38.0,3.0,2016.0
1847,Sandur,47.0,33.0,47.0,11.0,2019.0
1848,Puttur,15.0,48.0,15.0,8.0,2019.0
1849,K R Nagar,29.0,42.0,29.0,6.0,2020.0
1850,Kadur,26.0,39.0,26.0,1.0,2019.0
1851,Kundgol,26.0,39.0,26.0,1.0,2014.0
1852,Sagara,46.0,42.0,48.0,70.0,2022.0
1853,Kadur,26.0,39.0,26.0,1.0,2019.0
1854,Beltangdi,32.0,57.0,57.0,9.0,2018.0
1855,Navalgund,38.0,67.0,38.0,3.0,2013.0
1856,Nanjangud,26.0,39.0,26.0,1.0,2017.0
1857,Siruguppa,25.0,48.0,37.0,36.0,2014.0
1858,Shimoga,29.0,42.0,29.0,6.0,2012.0
1859,Narsipur,36.0,35.0,65.0,7.0,2018.0
1861,Kudligi,69.0,37.0,69.0,8.0,2015.0
1863,Kundgol,25.0,48.0,37.0,36.0,2012.0
1864,Narsipur,94.0,166.0,165.0,12.0,2020.0
1865,Kudligi,15.0,48.0,15.0,8.0,2017.0
1866,chikkmagalur,37.0,37.0,37.0,3.0,2013.0
1868,Nanjangud,32.0,57.0,57.0,9.0,2012.0
1869,Sorba,54.0,57.0,48.0,22.0,2014.0
1871,chikkmagalur,72.0,48.0,72.0,6.0,2012.0
1872,Mangalore,15.0,48.0,15.0,8.0,2017.0
1873,Hospet,29.0,42.0,29.0,6.0,2019.0
1874,Hunsur,15.0,48.0,15.0,8.0,2020.0
1875,Dharwad,64.0,175.0,166.0,43.0,2020.0
1876,Hospet,29.0,42.0,29.0,6.0,2019.0
1877,Siruguppa,25.0,48.0,37.0,36.0,2014.0
1878,Kundgol,47.0,33.0,47.0,11.0,2017.0
1879,Mudigere,16.0,48.0,16.0,13.0,2021.0
1880,Bellary,49.0,28.0,49.0,7.0,2017.0
1881,Mangalore,15.0,48.0,15.0,8.0,2017.0
1882,Sagara,78.0,189.0,175.0,21.0,2021.0
1883,Mudigere,94.0,166.0,165.0,12.0,2018.0
1884,Kudligi,98.0,56.0,53.0,3.0,2021.0
1885,Dharwad,69.0,37.0,69.0,8.0,2018.0
1886,Koppa,26.0,39.0,26.0,1.0,2019.0
1887,Tarikere,37.0,37.0,37.0,3.0,2017.0
1888,Shimoga,36.0,35.0,65.0,7.0,2014.0
1889,Kudligi,47.0,33.0,47.0,11.0,2020.0
1890,Bantval,36.0,65.0,33.0,5.0,2015.0
1891,Tarikere,37.0,37.0,37.0,3.0,2017.0
1892,Puttur,49.0,28.0,49.0,7.0,2016.0
1893,Kadur,29.0,42.0,29.0,6.0,2017.0
1894,Bhadravathi,72.0,48.0,72.0,6.0,2017.0
1895,Kadur,29.0,42.0,29.0,6.0,2017.0
1896,Mudigere,26.0,39.0,26.0,1.0,2017.0
1897,Mysore,25.0,48.0,37.0,36.0,2019.0
1898,Sorba,26.0,39.0,26.0,1.0,2016.0
1899,Nanjangud,32.0,57.0,57.0,9.0,2012.0
1900,Nanjangud,49.0,28.0,49.0,7.0,2020.0
1901,Kudligi,69.0,37.0,69.0,8.0,2015.0
1902,Mysore,24.0,46.0,50.0,55.0,2022.0
1903,Mysore,72.0,48.0,72.0,6.0,2018.0
1905,Bengaluru,28.0,36.0,60.0,78.0,2023.0
1906,Sandur,36.0,35.0,65.0,7.0,2013.0
1907,Mudigere,38.0,67.0,38.0,3.0,2016.0
1908,Shikaripura,16.0,48.0,16.0,13.0,2014.0
1909,Hubli,37.0,37.0,37.0,3.0,2021.0
1910,Dharwad,40.0,48.0,12.0,78.0,2023.0
1911,Hunsur,16.0,48.0,16.0,13.0,2019.0
1912,Kalghatgi,25.0,48.0,37.0,36.0,2020.0
1913,Kadur,38.0,67.0,38.0,3.0,2012.0
1914,Hospet,26.0,39.0,26.0,1.0,2020.0
1915,Mangalore,47.0,33.0,47.0,11.0,2018.0
1916,chikkmagalur,26.0,39.0,26.0,1.0,2021.0
1917,Bantval,36.0,35.0,65.0,7.0,2012.0
1918,Birur,29.0,42.0,29.0,6.0,2012.0
1919,Hunsur,37.0,37.0,37.0,3.0,2014.0
1920,Bantval,38.0,67.0,38.0,3.0,2016.0
1921,Nanjangud,98.0,56.0,53.0,3.0,2018.0
1922,Kundgol,25.0,48.0,37.0,36.0,2019.0
1923,Bhadravathi,94.0,166.0,165.0,12.0,2015.0
1925,Koppa,69.0,37.0,69.0,8.0,2021.0
1926,Mudigere,37.0,37.0,37.0,3.0,2019.0
1928,Shikaripura,26.0,39.0,26.0,1.0,2016.0
1929,Nanjangud,36.0,53.0,39.0,24.0,2019.0
1930,Hubli,47.0,33.0,47.0,11.0,2016.0
1933,Shikaripura,98.0,56.0,53.0,3.0,2017.0
1934,Shimoga,37.0,37.0,37.0,3.0,2021.0
1935,Navalgund,47.0,33.0,47.0,11.0,2015.0
1936,Sorba,69.0,37.0,69.0,8.0,2019.0
1937,Mangalore,64.0,175.0,166.0,43.0,2014.0
1938,Mudigere,25.0,48.0,37.0,36.0,2015.0
1939,Theerthalli,37.0,37.0,37.0,3.0,2020.0
1940,Sandur,37.0,37.0,37.0,3.0,2017.0
1941,Kadur,26.0,39.0,26.0,1.0,2019.0
1943,Beltangdi,94.0,166.0,165.0,12.0,2016.0
1944,Nanjangud,54.0,57.0,48.0,22.0,2013.0
1945,Hospet,72.0,48.0,72.0,6.0,2021.0
1947,Kadur,47.0,33.0,47.0,11.0,2021.0
1948,Mysore,26.0,39.0,26.0,1.0,2021.0
1949,Hubli,69.0,37.0,69.0,8.0,2019.0
1950,Mangalore,98.0,56.0,53.0,3.0,2012.0
1951,Bhadravathi,37.0,37.0,37.0,3.0,2016.0
1953,Shimoga,36.0,35.0,65.0,7.0,2014.0
1955,Theerthalli,47.0,33.0,47.0,11.0,2016.0
1956,chikkmagalur,15.0,48.0,15.0,8.0,2017.0
1957,Kalghatgi,25.0,48.0,37.0,36.0,2020.0
1958,Tarikere,37.0,37.0,37.0,3.0,2020.0
1959,Shimoga,94.0,166.0,165.0,12.0,2020.0
1960,K R Nagar,36.0,53.0,39.0,24.0,2013.0
1961,chikkmagalur,78.0,189.0,175.0,21.0,2018.0
1962,Piriyapatna,37.0,37.0,37.0,3.0,2020.0
1963,Sagara,68.0,165.0,68.0,21.0,2017.0
1964,Hubli,15.0,48.0,15.0,8.0,2013.0
1965,Kudligi,37.0,37.0,37.0,3.0,2019.0
1967,Kundgol,98.0,56.0,53.0,3.0,2018.0
1969,Navalgund,38.0,67.0,38.0,3.0,2013.0
1970,Kalghatgi,16.0,48.0,16.0,13.0,2019.0
1971,Kadur,38.0,67.0,38.0,3.0,2012.0
1972,Piriyapatna,33.0,56.0,42.0,14.0,2018.0
1973,Bantval,36.0,35.0,65.0,7.0,2012.0
1974,Hunsur,16.0,48.0,16.0,13.0,2019.0
1976,Bhadravathi,37.0,37.0,37.0,3.0,2012.0
1977,Mangalore,98.0,56.0,53.0,3.0,2012.0
1978,Mangalore,72.0,36.0,56.0,16.0,2019.0
1979,chikkmagalur,37.0,37.0,37.0,3.0,2013.0
1980,Piriyapatna,49.0,28.0,49.0,7.0,2015.0
1982,Mangalore,33.0,56.0,42.0,14.0,2013.0
1983,K R Nagar,16.0,48.0,16.0,13.0,2017.0
1984,Kudligi,26.0,39.0,26.0,1.0,2012.0
1985,Theerthalli,47.0,33.0,47.0,11.0,2012.0
1986,Sorba,29.0,42.0,29.0,6.0,2020.0
1987,Kundgol,26.0,39.0,26.0,1.0,2014.0
1988,Hunsur,37.0,37.0,37.0,3.0,2014.0
1989,Shimoga,47.0,33.0,47.0,11.0,2013.0
1990,Siruguppa,36.0,35.0,65.0,7.0,2021.0
1991,Tarikere,49.0,28.0,49.0,7.0,2012.0
1992,Piriyapatna,69.0,37.0,69.0,8.0,2017.0
1993,Nanjangud,54.0,57.0,48.0,22.0,2013.0
1994,Kadur,32.0,57.0,57.0,9.0,2018.0
1995,chikkmagalur,78.0,189.0,175.0,21.0,2018.0
1996,Dharwad,54.0,57.0,48.0,22.0,2012.0
1997,Hubli,69.0,37.0,69.0,8.0,2019.0
1998,Kadur,29.0,42.0,29.0,6.0,2017.0
